This is pdfTeX, Version 3.141592653-2.6-1.40.28 (MiKTeX 25.12) (preloaded format=pdflatex 2026.5.12)  15 JUL 2026 08:45
entering extended mode
 restricted \write18 enabled.
 %&-line parsing enabled.
**./memoireNdzessaAvele.tex
(memoireNdzessaAvele.tex
LaTeX2e <2025-11-01>
L3 programming layer <2025-12-24>

(C:\Users\LandryNDZESSA\AppData\Local\Programs\MiKTeX\tex/latex/base\report.cls
Document Class: report 2025/01/22 v1.4n Standard LaTeX document class

(C:\Users\LandryNDZESSA\AppData\Local\Programs\MiKTeX\tex/latex/base\size12.clo
File: size12.clo 2025/01/22 v1.4n Standard LaTeX file (size option)
)
\c@part=\count275
\c@chapter=\count276
\c@section=\count277
\c@subsection=\count278
\c@subsubsection=\count279
\c@paragraph=\count280
\c@subparagraph=\count281
\c@figure=\count282
\c@table=\count283
\abovecaptionskip=\skip49
\belowcaptionskip=\skip50
\bibindent=\dimen148
)
(C:\Users\LandryNDZESSA\AppData\Local\Programs\MiKTeX\tex/latex/base\inputenc.s
ty
Package: inputenc 2024/02/08 v1.3d Input encoding file
\inpenc@prehook=\toks17
\inpenc@posthook=\toks18
)
(C:\Users\LandryNDZESSA\AppData\Local\Programs\MiKTeX\tex/latex/base\fontenc.st
y
Package: fontenc 2025/07/18 v2.1d Standard LaTeX package
)
(C:\Users\LandryNDZESSA\AppData\Local\Programs\MiKTeX\tex/generic/babel\babel.s
ty
Package: babel 2025/12/11 v25.17 The multilingual framework for LuaLaTeX, pdfLa
TeX and XeLaTeX
\babel@savecnt=\count284
LaTeX Encoding Info:    Redeclaring text command \ij (encoding OT1) on input li
ne 2068.
LaTeX Encoding Info:    Redeclaring text command \IJ (encoding OT1) on input li
ne 2070.
LaTeX Encoding Info:    Redeclaring text command \ij (encoding T1) on input lin
e 2072.
LaTeX Encoding Info:    Redeclaring text command \IJ (encoding T1) on input lin
e 2073.
LaTeX Encoding Info:    Ignoring declaration for text command \ij (encoding ?) 
on input line 2074.
LaTeX Encoding Info:    Ignoring declaration for text command \IJ (encoding ?) 
on input line 2076.
LaTeX Encoding Info:    Ignoring declaration for text command \SS (encoding ?) 
on input line 2101.
\U@D=\dimen149
\l@unhyphenated=\language79

(C:\Users\LandryNDZESSA\AppData\Local\Programs\MiKTeX\tex/generic/babel\txtbabe
l.def)
\bbl@readstream=\read2
\bbl@dirlevel=\count285
Package babel Info: Configuration files are deprecated, as
(babel)             they can break document portability.
(babel)             Reported on input line 4196.

*************************************
* Local config file bblopts.cfg used
*

(C:\Users\LandryNDZESSA\AppData\Local\Programs\MiKTeX\tex/latex/arabi\bblopts.c
fg
File: bblopts.cfg 2005/09/08 v0.1 add Arabic and Farsi to "declared" options of
 babel
)
(C:\Users\LandryNDZESSA\AppData\Local\Programs\MiKTeX\tex/generic/babel/locale/
fr\babel-french.tex)
Package babel Info: Importing font and identification data for french
(babel)             from babel-fr.ini. Reported on input line 4320.

(C:\Users\LandryNDZESSA\AppData\Local\Programs\MiKTeX\tex/generic/babel-french\
french.ldf
Language: french 2025-08-15 v4.0e French support from the babel system

(C:\Users\LandryNDZESSA\AppData\Local\Programs\MiKTeX\tex/generic/babel-french\
french3.ldf
Language: french 2025-08-15 v3.7e French support from the babel system
\FB@stdchar=\count286
Package babel Info: Making : an active character on input line 273.
Package babel Info: Making ; an active character on input line 274.
Package babel Info: Making ! an active character on input line 275.
Package babel Info: Making ? an active character on input line 276.
\FBguill@level=\count287
\FBold@everypar=\toks19
\FB@Mht=\dimen150
\mc@charclass=\count288
\mc@charfam=\count289
\mc@charslot=\count290
\std@mcc=\count291
\dec@mcc=\count292
\FB@pardim=\dimen151
\listindentFB=\dimen152
\descindentFB=\dimen153
\labelindentFB=\dimen154
\labelwidthFB=\dimen155
\leftmarginFB=\dimen156
\parindentFFN=\dimen157
\FBfnindent=\dimen158
)))
(C:\Users\LandryNDZESSA\AppData\Local\Programs\MiKTeX\tex/latex/carlisle\scalef
nt.sty)
(C:\Users\LandryNDZESSA\AppData\Local\Programs\MiKTeX\tex/latex/csquotes\csquot
es.sty
Package: csquotes 2024-04-04 v5.2o context-sensitive quotations (JAW)

(C:\Users\LandryNDZESSA\AppData\Local\Programs\MiKTeX\tex/latex/etoolbox\etoolb
ox.sty
Package: etoolbox 2025/10/02 v2.5m e-TeX tools for LaTeX (JAW)
\etb@tempcnta=\count293
)
(C:\Users\LandryNDZESSA\AppData\Local\Programs\MiKTeX\tex/latex/graphics\keyval
.sty
Package: keyval 2022/05/29 v1.15 key=value parser (DPC)
\KV@toks@=\toks20
)
\csq@reset=\count294
\csq@gtype=\count295
\csq@glevel=\count296
\csq@qlevel=\count297
\csq@maxlvl=\count298
\csq@tshold=\count299
\csq@ltx@everypar=\toks21

(C:\Users\LandryNDZESSA\AppData\Local\Programs\MiKTeX\tex/latex/csquotes\csquot
es.def
File: csquotes.def 2024-04-04 v5.2o csquotes generic definitions (JAW)
)
Package csquotes Info: Trying to load configuration file 'csquotes.cfg'...
Package csquotes Info: ... configuration file loaded successfully.

(C:\Users\LandryNDZESSA\AppData\Local\Programs\MiKTeX\tex/latex/csquotes\csquot
es.cfg
File: csquotes.cfg 
))
(C:\Users\LandryNDZESSA\AppData\Local\Programs\MiKTeX\tex/latex/booktabs\bookta
bs.sty
Package: booktabs 2020/01/12 v1.61803398 Publication quality tables
\heavyrulewidth=\dimen159
\lightrulewidth=\dimen160
\cmidrulewidth=\dimen161
\belowrulesep=\dimen162
\belowbottomsep=\dimen163
\aboverulesep=\dimen164
\abovetopsep=\dimen165
\cmidrulesep=\dimen166
\cmidrulekern=\dimen167
\defaultaddspace=\dimen168
\@cmidla=\count300
\@cmidlb=\count301
\@aboverulesep=\dimen169
\@belowrulesep=\dimen170
\@thisruleclass=\count302
\@lastruleclass=\count303
\@thisrulewidth=\dimen171
)
(C:\Users\LandryNDZESSA\AppData\Local\Programs\MiKTeX\tex/latex/siunitx\siunitx
.sty
Package: siunitx 2026-05-15 v3.5.5 A comprehensive (SI) units package
\l__siunitx_number_uncert_offset_int=\count304
\l__siunitx_number_exponent_fixed_int=\count305
\l__siunitx_number_min_decimal_int=\count306
\l__siunitx_number_min_integer_int=\count307
\l__siunitx_number_round_precision_int=\count308
\l__siunitx_number_lower_threshold_int=\count309
\l__siunitx_number_upper_threshold_int=\count310
\l__siunitx_number_group_first_int=\count311
\l__siunitx_number_group_size_int=\count312
\l__siunitx_number_group_min_int=\count313
\l__siunitx_number_group_minimum_int=\count314
\l__siunitx_compound_count_int=\count315

(C:\Users\LandryNDZESSA\AppData\Local\Programs\MiKTeX\tex/latex/translations\tr
anslations.sty
Package: translations 2022/02/05 v1.12 internationalization of LaTeX2e packages
 (CN)

(C:\Users\LandryNDZESSA\AppData\Local\Programs\MiKTeX\tex/generic/pdftexcmds\pd
ftexcmds.sty
Package: pdftexcmds 2020-06-27 v0.33 Utility functions of pdfTeX for LuaTeX (HO
)

(C:\Users\LandryNDZESSA\AppData\Local\Programs\MiKTeX\tex/generic/infwarerr\inf
warerr.sty
Package: infwarerr 2019/12/03 v1.5 Providing info/warning/error messages (HO)
)
(C:\Users\LandryNDZESSA\AppData\Local\Programs\MiKTeX\tex/generic/iftex\iftex.s
ty
Package: iftex 2024/12/12 v1.0g TeX engine tests
)
(C:\Users\LandryNDZESSA\AppData\Local\Programs\MiKTeX\tex/generic/ltxcmds\ltxcm
ds.sty
Package: ltxcmds 2023-12-04 v1.26 LaTeX kernel commands for general use (HO)
)
Package pdftexcmds Info: \pdf@primitive is available.
Package pdftexcmds Info: \pdf@ifprimitive is available.
Package pdftexcmds Info: \pdfdraftmode found.
))
(C:\Users\LandryNDZESSA\AppData\Local\Programs\MiKTeX\tex/latex/amsmath\amstext
.sty
Package: amstext 2024/11/17 v2.01 AMS text

(C:\Users\LandryNDZESSA\AppData\Local\Programs\MiKTeX\tex/latex/amsmath\amsgen.
sty
File: amsgen.sty 1999/11/30 v2.0 generic functions
\@emptytoks=\toks22
\ex@=\dimen172
))
\l__siunitx_table_tmp_box=\box53
\l__siunitx_table_tmp_dim=\dimen173
\l__siunitx_table_column_width_dim=\dimen174
\l__siunitx_table_integer_box=\box54
\l__siunitx_table_decimal_box=\box55
\l__siunitx_table_uncert_box=\box56
\l__siunitx_table_before_box=\box57
\l__siunitx_table_after_box=\box58
\l__siunitx_table_before_dim=\dimen175
\l__siunitx_table_carry_dim=\dimen176
\l__siunitx_unit_tmp_int=\count316
\l__siunitx_unit_position_int=\count317
\l__siunitx_unit_total_int=\count318
\l__siunitx_sexagesimal_tmp_dim=\dimen177
\l__siunitx_sexagesimal_marker_box=\box59
\l__siunitx_sexagesimal_unit_box=\box60

(C:\Users\LandryNDZESSA\AppData\Local\Programs\MiKTeX\tex/latex/tools\array.sty
Package: array 2025/09/25 v2.6n Tabular extension package (FMi)
\col@sep=\dimen178
\ar@mcellbox=\box61
\extrarowheight=\dimen179
\NC@list=\toks23
\extratabsurround=\skip51
\backup@length=\skip52
\ar@cellbox=\box62
))
(C:\Users\LandryNDZESSA\AppData\Local\Programs\MiKTeX\tex/latex/float\float.sty
Package: float 2001/11/08 v1.3d Float enhancements (AL)
\c@float@type=\count319
\float@exts=\toks24
\float@box=\box63
\@float@everytoks=\toks25
\@floatcapt=\box64
)
(C:\Users\LandryNDZESSA\AppData\Local\Programs\MiKTeX\tex/latex/caption\caption
.sty
Package: caption 2023/08/05 v3.6o Customizing captions (AR)

(C:\Users\LandryNDZESSA\AppData\Local\Programs\MiKTeX\tex/latex/caption\caption
3.sty
Package: caption3 2023/07/31 v2.4d caption3 kernel (AR)
\caption@tempdima=\dimen180
\captionmargin=\dimen181
\caption@leftmargin=\dimen182
\caption@rightmargin=\dimen183
\caption@width=\dimen184
\caption@indent=\dimen185
\caption@parindent=\dimen186
\caption@hangindent=\dimen187
Package caption Info: Standard document class detected.
Package caption Info: french babel package is loaded.
)
\c@caption@flags=\count320
\c@continuedfloat=\count321
Package caption Info: float package is loaded.
)
(C:\Users\LandryNDZESSA\AppData\Local\Programs\MiKTeX\tex/latex/xcolor\xcolor.s
ty
Package: xcolor 2024/09/29 v3.02 LaTeX color extensions (UK)

(C:\Users\LandryNDZESSA\AppData\Local\Programs\MiKTeX\tex/latex/graphics-cfg\co
lor.cfg
File: color.cfg 2016/01/02 v1.6 sample color configuration
)
Package xcolor Info: Driver file: pdftex.def on input line 274.

(C:\Users\LandryNDZESSA\AppData\Local\Programs\MiKTeX\tex/latex/graphics-def\pd
ftex.def
File: pdftex.def 2025/09/29 v1.2d Graphics/color driver for pdftex
)
(C:\Users\LandryNDZESSA\AppData\Local\Programs\MiKTeX\tex/latex/graphics\mathco
lor.ltx)
Package xcolor Info: Model `cmy' substituted by `cmy0' on input line 1349.
Package xcolor Info: Model `hsb' substituted by `rgb' on input line 1353.
Package xcolor Info: Model `RGB' extended on input line 1365.
Package xcolor Info: Model `HTML' substituted by `rgb' on input line 1367.
Package xcolor Info: Model `Hsb' substituted by `hsb' on input line 1368.
Package xcolor Info: Model `tHsb' substituted by `hsb' on input line 1369.
Package xcolor Info: Model `HSB' substituted by `hsb' on input line 1370.
Package xcolor Info: Model `Gray' substituted by `gray' on input line 1371.
Package xcolor Info: Model `wave' substituted by `hsb' on input line 1372.
)
(C:\Users\LandryNDZESSA\AppData\Local\Programs\MiKTeX\tex/latex/colortbl\colort
bl.sty
Package: colortbl 2024/10/29 v1.0k Color table columns (DPC)
\everycr=\toks26
\minrowclearance=\skip53
\rownum=\count322
)
(C:\Users\LandryNDZESSA\AppData\Local\Programs\MiKTeX\tex/latex/newtx\newtxtext
.sty
Package: newtxtext 2024/04/01 v1.744(Michael Sharpe) latex and unicode latex su
pport for TeXGyreTermesX

`newtxtext' v1.744, 2024/04/01 Text macros taking advantage of TeXGyre Termes a
nd its extensions (msharpe)
(C:\Users\LandryNDZESSA\AppData\Local\Programs\MiKTeX\tex/latex/xpatch\xpatch.s
ty
(C:\Users\LandryNDZESSA\AppData\Local\Programs\MiKTeX\tex/latex/l3kernel\expl3.
sty
Package: expl3 2025-12-24 L3 programming layer (loader) 

(C:\Users\LandryNDZESSA\AppData\Local\Programs\MiKTeX\tex/latex/l3backend\l3bac
kend-pdftex.def
File: l3backend-pdftex.def 2025-10-09 L3 backend support: PDF output (pdfTeX)
\l__color_backend_stack_int=\count323
))
Package: xpatch 2020/03/25 v0.3a Extending etoolbox patching commands

(C:\Users\LandryNDZESSA\AppData\Local\Programs\MiKTeX\tex/latex/l3packages/xpar
se\xparse.sty
Package: xparse 2025-10-09 L3 Experimental document command parser
))
(C:\Users\LandryNDZESSA\AppData\Local\Programs\MiKTeX\tex/latex/xkeyval\xkeyval
.sty
Package: xkeyval 2022/06/16 v2.9 package option processing (HA)

(C:\Users\LandryNDZESSA\AppData\Local\Programs\MiKTeX\tex/generic/xkeyval\xkeyv
al.tex
(C:\Users\LandryNDZESSA\AppData\Local\Programs\MiKTeX\tex/generic/xkeyval\xkvut
ils.tex
\XKV@toks=\toks27
\XKV@tempa@toks=\toks28
)
\XKV@depth=\count324
File: xkeyval.tex 2014/12/03 v2.7a key=value parser (HA)
))
(C:\Users\LandryNDZESSA\AppData\Local\Programs\MiKTeX\tex/latex/base\textcomp.s
ty
Package: textcomp 2024/04/24 v2.1b Standard LaTeX package
)
(C:\Users\LandryNDZESSA\AppData\Local\Programs\MiKTeX\tex/latex/xstring\xstring
.sty
(C:\Users\LandryNDZESSA\AppData\Local\Programs\MiKTeX\tex/generic/xstring\xstri
ng.tex
\xs_counta=\count325
\xs_countb=\count326
)
Package: xstring 2023/08/22 v1.86 String manipulations (CT)
)
(C:\Users\LandryNDZESSA\AppData\Local\Programs\MiKTeX\tex/latex/base\ifthen.sty
Package: ifthen 2024/03/16 v1.1e Standard LaTeX ifthen package (DPC)
)
LaTeX Font Info:    Setting ntxLF sub-encoding to TS1/0 on input line 24.
LaTeX Font Info:    Setting ntxTLF sub-encoding to TS1/0 on input line 24.
LaTeX Font Info:    Setting ntxOsF sub-encoding to TS1/0 on input line 24.
LaTeX Font Info:    Setting ntxTOsF sub-encoding to TS1/0 on input line 24.

(C:\Users\LandryNDZESSA\AppData\Local\Programs\MiKTeX\tex/generic/binhex\binhex
.tex)
\ntx@tmpcnta=\count327
\ntx@cnt=\count328

(C:\Users\LandryNDZESSA\AppData\Local\Programs\MiKTeX\tex/latex/fontaxes\fontax
es.sty
Package: fontaxes 2026-01-02 v2.0.2 Font selection axes (deprecated)
Applying: [2024-11-01] Use figureversions if present on input line 74.

(C:\Users\LandryNDZESSA\AppData\Local\Programs\MiKTeX\tex/latex/figureversions\
figureversions.sty
Package: figureversions 2025-04-29 v1.0.1 Figure versions
)
Already applied: [0000-00-00] Fall back to v1 on input line 76.
)
\tx@sixem=\dimen188
\tx@y=\dimen189
\tx@x=\dimen190
\tx@tmpdima=\dimen191
\tx@tmpdimb=\dimen192
\tx@tmpdimc=\dimen193
\tx@tmpdimd=\dimen194
\tx@tmpdime=\dimen195
\tx@tmpdimf=\dimen196
\tx@dimA=\dimen197
\tx@dimAA=\dimen198
\tx@dimB=\dimen199
\tx@dimBB=\dimen256
\tx@dimC=\dimen257
LaTeX Info: Redefining \oldstylenums on input line 902.
)
(C:\Users\LandryNDZESSA\AppData\Local\Programs\MiKTeX\tex/latex/newtx\newtxmath
.sty
Package: newtxmath 2024/09/22 v1.754

`newtxmath' v1.754, 2024/09/22 Math macros based originally on txfonts (msharpe
)
(C:\Users\LandryNDZESSA\AppData\Local\Programs\MiKTeX\tex/latex/amsmath\amsmath
.sty
Package: amsmath 2025/07/09 v2.17z AMS math features
\@mathmargin=\skip54

For additional information on amsmath, use the `?' option.

(C:\Users\LandryNDZESSA\AppData\Local\Programs\MiKTeX\tex/latex/amsmath\amsbsy.
sty
Package: amsbsy 1999/11/29 v1.2d Bold Symbols
\pmbraise@=\dimen258
)
(C:\Users\LandryNDZESSA\AppData\Local\Programs\MiKTeX\tex/latex/amsmath\amsopn.
sty
Package: amsopn 2022/04/08 v2.04 operator names
)
\inf@bad=\count329
LaTeX Info: Redefining \frac on input line 233.
\uproot@=\count330
\leftroot@=\count331
LaTeX Info: Redefining \overline on input line 398.
LaTeX Info: Redefining \colon on input line 409.
\classnum@=\count332
\DOTSCASE@=\count333
LaTeX Info: Redefining \ldots on input line 495.
LaTeX Info: Redefining \dots on input line 498.
LaTeX Info: Redefining \cdots on input line 619.
\Mathstrutbox@=\box65
\strutbox@=\box66
LaTeX Info: Redefining \big on input line 721.
LaTeX Info: Redefining \Big on input line 722.
LaTeX Info: Redefining \bigg on input line 723.
LaTeX Info: Redefining \Bigg on input line 724.
\big@size=\dimen259
LaTeX Font Info:    Redeclaring font encoding OML on input line 742.
LaTeX Font Info:    Redeclaring font encoding OMS on input line 743.
\macc@depth=\count334
LaTeX Info: Redefining \bmod on input line 904.
LaTeX Info: Redefining \pmod on input line 909.
LaTeX Info: Redefining \smash on input line 939.
LaTeX Info: Redefining \relbar on input line 969.
LaTeX Info: Redefining \Relbar on input line 970.
\c@MaxMatrixCols=\count335
\dotsspace@=\muskip17
\c@parentequation=\count336
\dspbrk@lvl=\count337
\tag@help=\toks29
\row@=\count338
\column@=\count339
\maxfields@=\count340
\andhelp@=\toks30
\eqnshift@=\dimen260
\alignsep@=\dimen261
\tagshift@=\dimen262
\tagwidth@=\dimen263
\totwidth@=\dimen264
\lineht@=\dimen265
\@envbody=\toks31
\multlinegap=\skip55
\multlinetaggap=\skip56
\mathdisplay@stack=\toks32
LaTeX Info: Redefining \[ on input line 2950.
LaTeX Info: Redefining \] on input line 2951.
)
(C:\Users\LandryNDZESSA\AppData\Local\Programs\MiKTeX\tex/latex/oberdiek\center
not.sty
Package: centernot 2016/05/16 v1.4 Centers the not symbol horizontally (HO)
)
\tx@cntz=\count341

(C:\Users\LandryNDZESSA\AppData\Local\Programs\MiKTeX\tex/generic/binhex\binhex
.tex)
\tx@Isdigit=\count342
\tx@IsAlNum=\count343
\tx@tA=\toks33
\tx@tB=\toks34
\tx@su=\read3

amsthm NOT loaded
LaTeX Font Info:    Redeclaring symbol font `operators' on input line 402.
LaTeX Font Info:    Overwriting symbol font `operators' in version `normal'
(Font)                  OT1/cmr/m/n --> OT1/minntx/m/n on input line 402.
LaTeX Font Info:    Overwriting symbol font `operators' in version `bold'
(Font)                  OT1/cmr/bx/n --> OT1/minntx/m/n on input line 402.
LaTeX Font Info:    Overwriting symbol font `operators' in version `bold'
(Font)                  OT1/minntx/m/n --> OT1/minntx/b/n on input line 403.
LaTeX Font Info:    Redeclaring math alphabet \mathsf on input line 410.
LaTeX Font Info:    Overwriting math alphabet `\mathsf' in version `normal'
(Font)                  OT1/cmss/m/n --> OT1/qhv/m/n on input line 410.
LaTeX Font Info:    Overwriting math alphabet `\mathsf' in version `bold'
(Font)                  OT1/cmss/bx/n --> OT1/qhv/m/n on input line 410.
LaTeX Font Info:    Overwriting math alphabet `\mathsf' in version `bold'
(Font)                  OT1/qhv/m/n --> OT1/qhv/b/n on input line 412.
LaTeX Font Info:    Redeclaring math alphabet \mathit on input line 419.
LaTeX Font Info:    Overwriting math alphabet `\mathit' in version `normal'
(Font)                  OT1/cmr/m/it --> OT1/minntx/m/it on input line 419.
LaTeX Font Info:    Overwriting math alphabet `\mathit' in version `bold'
(Font)                  OT1/cmr/bx/it --> OT1/minntx/m/it on input line 419.
LaTeX Font Info:    Redeclaring math alphabet \mathtt on input line 420.
LaTeX Font Info:    Overwriting math alphabet `\mathtt' in version `normal'
(Font)                  OT1/cmtt/m/n --> T1/ntxtt/m/n on input line 420.
LaTeX Font Info:    Overwriting math alphabet `\mathtt' in version `bold'
(Font)                  OT1/cmtt/m/n --> T1/ntxtt/m/n on input line 420.
LaTeX Font Info:    Redeclaring math alphabet \mathbf on input line 422.
LaTeX Font Info:    Overwriting math alphabet `\mathbf' in version `normal'
(Font)                  OT1/cmr/bx/n --> OT1/minntx/b/n on input line 422.
LaTeX Font Info:    Overwriting math alphabet `\mathbf' in version `bold'
(Font)                  OT1/cmr/bx/n --> OT1/minntx/b/n on input line 422.
LaTeX Font Info:    Overwriting math alphabet `\mathit' in version `bold'
(Font)                  OT1/minntx/m/it --> OT1/minntx/b/it on input line 423.
LaTeX Font Info:    Overwriting math alphabet `\mathtt' in version `bold'
(Font)                  T1/ntxtt/m/n --> T1/ntxtt/b/n on input line 426.
LaTeX Font Info:    Redeclaring symbol font `letters' on input line 534.
LaTeX Font Info:    Overwriting symbol font `letters' in version `normal'
(Font)                  OML/cmm/m/it --> OML/ntxmi/m/it on input line 534.
LaTeX Font Info:    Overwriting symbol font `letters' in version `bold'
(Font)                  OML/cmm/b/it --> OML/ntxmi/m/it on input line 534.
LaTeX Font Info:    Overwriting symbol font `letters' in version `bold'
(Font)                  OML/ntxmi/m/it --> OML/ntxmi/b/it on input line 535.
\symlettersA=\mathgroup4
LaTeX Font Info:    Overwriting symbol font `lettersA' in version `bold'
(Font)                  U/ntxmia/m/it --> U/ntxmia/b/it on input line 582.
Now handling font encoding LMS ...
... no UTF-8 mapping file for font encoding LMS
LaTeX Font Info:    Redeclaring symbol font `symbols' on input line 604.
LaTeX Font Info:    Encoding `OMS' has changed to `LMS' for symbol font
(Font)              `symbols' in the math version `normal' on input line 604.
LaTeX Font Info:    Overwriting symbol font `symbols' in version `normal'
(Font)                  OMS/cmsy/m/n --> LMS/ntxsy/m/n on input line 604.
LaTeX Font Info:    Encoding `OMS' has changed to `LMS' for symbol font
(Font)              `symbols' in the math version `bold' on input line 604.
LaTeX Font Info:    Overwriting symbol font `symbols' in version `bold'
(Font)                  OMS/cmsy/b/n --> LMS/ntxsy/m/n on input line 604.
LaTeX Font Info:    Overwriting symbol font `symbols' in version `bold'
(Font)                  LMS/ntxsy/m/n --> LMS/ntxsy/b/n on input line 605.
\symAMSm=\mathgroup5
LaTeX Font Info:    Overwriting symbol font `AMSm' in version `bold'
(Font)                  U/ntxsym/m/n --> U/ntxsym/b/n on input line 630.
\symsymbolsC=\mathgroup6
LaTeX Font Info:    Overwriting symbol font `symbolsC' in version `bold'
(Font)                  U/ntxsyc/m/n --> U/ntxsyc/b/n on input line 651.
Now handling font encoding LMX ...
... no UTF-8 mapping file for font encoding LMX
LaTeX Font Info:    Redeclaring symbol font `largesymbols' on input line 664.
LaTeX Font Info:    Encoding `OMX' has changed to `LMX' for symbol font
(Font)              `largesymbols' in the math version `normal' on input line 6
64.
LaTeX Font Info:    Overwriting symbol font `largesymbols' in version `normal'
(Font)                  OMX/cmex/m/n --> LMX/ntxexx/m/n on input line 664.
LaTeX Font Info:    Encoding `OMX' has changed to `LMX' for symbol font
(Font)              `largesymbols' in the math version `bold' on input line 664
.
LaTeX Font Info:    Overwriting symbol font `largesymbols' in version `bold'
(Font)                  OMX/cmex/m/n --> LMX/ntxexx/m/n on input line 664.
LaTeX Font Info:    Overwriting symbol font `largesymbols' in version `bold'
(Font)                  LMX/ntxexx/m/n --> LMX/ntxexx/b/n on input line 665.
\symlargesymbolsTXA=\mathgroup7
LaTeX Font Info:    Overwriting symbol font `largesymbolsTXA' in version `bold'

(Font)                  U/ntxexa/m/n --> U/ntxexa/b/n on input line 679.
\tx@sbptoks=\toks35
LaTeX Font Info:    Redeclaring math delimiter \lfloor on input line 902.
LaTeX Font Info:    Redeclaring math delimiter \rfloor on input line 903.
LaTeX Font Info:    Redeclaring math delimiter \lceil on input line 904.
LaTeX Font Info:    Redeclaring math delimiter \rceil on input line 905.
LaTeX Font Info:    Redeclaring math delimiter \lbrace on input line 910.
LaTeX Font Info:    Redeclaring math delimiter \rbrace on input line 911.
LaTeX Font Info:    Redeclaring math delimiter \langle on input line 913.
LaTeX Font Info:    Redeclaring math delimiter \rangle on input line 915.
LaTeX Font Info:    Redeclaring math delimiter \arrowvert on input line 919.
LaTeX Font Info:    Redeclaring math delimiter \vert on input line 920.
LaTeX Font Info:    Redeclaring math symbol \hbar on input line 966.
LaTeX Font Info:    Redeclaring math accent \dot on input line 991.
LaTeX Font Info:    Redeclaring math accent \ddot on input line 992.
LaTeX Font Info:    Redeclaring math accent \vec on input line 2057.
LaTeX Info: Redefining \Bbbk on input line 2847.
LaTeX Info: Redefining \not on input line 2995.
)
(C:\Users\LandryNDZESSA\AppData\Local\Programs\MiKTeX\tex/latex/lm\lmodern.sty
Package: lmodern 2015/05/01 v1.6.1 Latin Modern Fonts
LaTeX Font Info:    Overwriting symbol font `operators' in version `normal'
(Font)                  OT1/minntx/m/n --> OT1/lmr/m/n on input line 22.
LaTeX Font Info:    Overwriting symbol font `letters' in version `normal'
(Font)                  OML/ntxmi/m/it --> OML/lmm/m/it on input line 23.
LaTeX Font Info:    Encoding `LMS' has changed to `OMS' for symbol font
(Font)              `symbols' in the math version `normal' on input line 24.
LaTeX Font Info:    Overwriting symbol font `symbols' in version `normal'
(Font)                  LMS/ntxsy/m/n --> OMS/lmsy/m/n on input line 24.
LaTeX Font Info:    Encoding `LMX' has changed to `OMX' for symbol font
(Font)              `largesymbols' in the math version `normal' on input line 2
5.
LaTeX Font Info:    Overwriting symbol font `largesymbols' in version `normal'
(Font)                  LMX/ntxexx/m/n --> OMX/lmex/m/n on input line 25.
LaTeX Font Info:    Overwriting symbol font `operators' in version `bold'
(Font)                  OT1/minntx/b/n --> OT1/lmr/bx/n on input line 26.
LaTeX Font Info:    Overwriting symbol font `letters' in version `bold'
(Font)                  OML/ntxmi/b/it --> OML/lmm/b/it on input line 27.
LaTeX Font Info:    Encoding `LMS' has changed to `OMS' for symbol font
(Font)              `symbols' in the math version `bold' on input line 28.
LaTeX Font Info:    Overwriting symbol font `symbols' in version `bold'
(Font)                  LMS/ntxsy/b/n --> OMS/lmsy/b/n on input line 28.
LaTeX Font Info:    Encoding `LMX' has changed to `OMX' for symbol font
(Font)              `largesymbols' in the math version `bold' on input line 29.

LaTeX Font Info:    Overwriting symbol font `largesymbols' in version `bold'
(Font)                  LMX/ntxexx/b/n --> OMX/lmex/m/n on input line 29.
LaTeX Font Info:    Overwriting math alphabet `\mathbf' in version `normal'
(Font)                  OT1/minntx/b/n --> OT1/lmr/bx/n on input line 31.
LaTeX Font Info:    Overwriting math alphabet `\mathsf' in version `normal'
(Font)                  OT1/qhv/m/n --> OT1/lmss/m/n on input line 32.
LaTeX Font Info:    Overwriting math alphabet `\mathit' in version `normal'
(Font)                  OT1/minntx/m/it --> OT1/lmr/m/it on input line 33.
LaTeX Font Info:    Overwriting math alphabet `\mathtt' in version `normal'
(Font)                  T1/ntxtt/m/n --> OT1/lmtt/m/n on input line 34.
LaTeX Font Info:    Overwriting math alphabet `\mathbf' in version `bold'
(Font)                  OT1/minntx/b/n --> OT1/lmr/bx/n on input line 35.
LaTeX Font Info:    Overwriting math alphabet `\mathsf' in version `bold'
(Font)                  OT1/qhv/b/n --> OT1/lmss/bx/n on input line 36.
LaTeX Font Info:    Overwriting math alphabet `\mathit' in version `bold'
(Font)                  OT1/minntx/b/it --> OT1/lmr/bx/it on input line 37.
LaTeX Font Info:    Overwriting math alphabet `\mathtt' in version `bold'
(Font)                  T1/ntxtt/b/n --> OT1/lmtt/m/n on input line 38.
)
(C:\Users\LandryNDZESSA\AppData\Local\Programs\MiKTeX\tex/latex/microtype\micro
type.sty
Package: microtype 2026/03/01 v3.2d Micro-typographical refinements (RS)
\MT@toks=\toks36
\MT@tempbox=\box67
\MT@count=\count344
LaTeX Info: Redefining \noprotrusionifhmode on input line 1084.
LaTeX Info: Redefining \leftprotrusion on input line 1085.
\MT@prot@toks=\toks37
LaTeX Info: Redefining \rightprotrusion on input line 1104.
LaTeX Info: Redefining \textls on input line 1449.
\MT@outer@kern=\dimen266
LaTeX Info: Redefining \microtypecontext on input line 2053.
LaTeX Info: Redefining \textmicrotypecontext on input line 2070.
\MT@listname@count=\count345

(C:\Users\LandryNDZESSA\AppData\Local\Programs\MiKTeX\tex/latex/microtype\micro
type-pdftex.def
File: microtype-pdftex.def 2026/03/01 v3.2d Definitions specific to pdftex (RS)

LaTeX Info: Redefining \lsstyle on input line 944.
LaTeX Info: Redefining \lslig on input line 944.
\MT@outer@space=\skip57
)
Package microtype Info: Loading configuration file microtype.cfg.

(C:\Users\LandryNDZESSA\AppData\Local\Programs\MiKTeX\tex/latex/microtype\micro
type.cfg
File: microtype.cfg 2026/03/01 v3.2d microtype main configuration file (RS)
)
LaTeX Info: Redefining \microtypesetup on input line 3065.
)
(C:\Users\LandryNDZESSA\AppData\Local\Programs\MiKTeX\tex/latex/setspace\setspa
ce.sty
Package: setspace 2022/12/04 v6.7b set line spacing
)
(C:\Users\LandryNDZESSA\AppData\Local\Programs\MiKTeX\tex/latex/geometry\geomet
ry.sty
Package: geometry 2026/03/07 v6.0 Page Geometry

(C:\Users\LandryNDZESSA\AppData\Local\Programs\MiKTeX\tex/generic/iftex\ifvtex.
sty
Package: ifvtex 2019/10/25 v1.7 ifvtex legacy package. Use iftex instead.
)
\Gm@cnth=\count346
\Gm@cntv=\count347
\c@Gm@tempcnt=\count348
\Gm@bindingoffset=\dimen267
\Gm@wd@mp=\dimen268
\Gm@odd@mp=\dimen269
\Gm@even@mp=\dimen270
\Gm@layoutwidth=\dimen271
\Gm@layoutheight=\dimen272
\Gm@layouthoffset=\dimen273
\Gm@layoutvoffset=\dimen274
\Gm@dimlist=\toks38

(C:\Users\LandryNDZESSA\AppData\Local\Programs\MiKTeX\tex/latex/geometry\geomet
ry.cfg))
(C:\Users\LandryNDZESSA\AppData\Local\Programs\MiKTeX\tex/latex/fancyhdr\fancyh
dr.sty
Package: fancyhdr 2025/02/07 v5.2 Extensive control of page headers and footers

\f@nch@headwidth=\skip58
\f@nch@offset@elh=\skip59
\f@nch@offset@erh=\skip60
\f@nch@offset@olh=\skip61
\f@nch@offset@orh=\skip62
\f@nch@offset@elf=\skip63
\f@nch@offset@erf=\skip64
\f@nch@offset@olf=\skip65
\f@nch@offset@orf=\skip66
\f@nch@height=\skip67
\f@nch@footalignment=\skip68
\f@nch@widthL=\skip69
\f@nch@widthC=\skip70
\f@nch@widthR=\skip71
\@temptokenb=\toks39
)
(C:\Users\LandryNDZESSA\AppData\Local\Programs\MiKTeX\tex/latex/graphics\dvipsn
am.def
File: dvipsnam.def 2016/06/17 v3.0m Driver-dependent file (DPC,SPQR)
)
(C:\Users\LandryNDZESSA\AppData\Local\Programs\MiKTeX\tex/latex/graphics\graphi
cx.sty
Package: graphicx 2024/12/31 v1.2e Enhanced LaTeX Graphics (DPC,SPQR)

(C:\Users\LandryNDZESSA\AppData\Local\Programs\MiKTeX\tex/latex/graphics\graphi
cs.sty
Package: graphics 2024/08/06 v1.4g Standard LaTeX Graphics (DPC,SPQR)

(C:\Users\LandryNDZESSA\AppData\Local\Programs\MiKTeX\tex/latex/graphics\trig.s
ty
Package: trig 2023/12/02 v1.11 sin cos tan (DPC)
)
(C:\Users\LandryNDZESSA\AppData\Local\Programs\MiKTeX\tex/latex/graphics-cfg\gr
aphics.cfg
File: graphics.cfg 2016/06/04 v1.11 sample graphics configuration
)
Package graphics Info: Driver file: pdftex.def on input line 106.
)
\Gin@req@height=\dimen275
\Gin@req@width=\dimen276
)
(C:\Users\LandryNDZESSA\AppData\Local\Programs\MiKTeX\tex/latex/caption\subcapt
ion.sty
Package: subcaption 2023/07/28 v1.6b Sub-captions (AR)
Package caption Info: New subtype `subfigure' on input line 238.
\c@subfigure=\count349
Package caption Info: New subtype `subtable' on input line 238.
\c@subtable=\count350
)
(C:\Users\LandryNDZESSA\AppData\Local\Programs\MiKTeX\tex/latex/wrapfig\wrapfig
.sty
\wrapoverhang=\dimen277
\WF@size=\dimen278
\c@WF@wrappedlines=\count351
\WF@box=\box68
\WF@everypar=\toks40
Package: wrapfig 2003/01/31  v 3.6
)
(C:\Users\LandryNDZESSA\AppData\Local\Programs\MiKTeX\tex/latex/pgf/frontendlay
er\tikz.sty
(C:\Users\LandryNDZESSA\AppData\Local\Programs\MiKTeX\tex/latex/pgf/basiclayer\
pgf.sty
(C:\Users\LandryNDZESSA\AppData\Local\Programs\MiKTeX\tex/latex/pgf/utilities\p
gfrcs.sty
(C:\Users\LandryNDZESSA\AppData\Local\Programs\MiKTeX\tex/generic/pgf/utilities
\pgfutil-common.tex
\pgfutil@everybye=\toks41
\pgfutil@tempdima=\dimen279
\pgfutil@tempdimb=\dimen280
)
(C:\Users\LandryNDZESSA\AppData\Local\Programs\MiKTeX\tex/generic/pgf/utilities
\pgfutil-latex.def
\pgfutil@abb=\box69
)
(C:\Users\LandryNDZESSA\AppData\Local\Programs\MiKTeX\tex/generic/pgf/utilities
\pgfrcs.code.tex
(C:\Users\LandryNDZESSA\AppData\Local\Programs\MiKTeX\tex/generic/pgf\pgf.revis
ion.tex)
Package: pgfrcs 2025-08-29 v3.1.11a (3.1.11a)
))
Package: pgf 2025-08-29 v3.1.11a (3.1.11a)

(C:\Users\LandryNDZESSA\AppData\Local\Programs\MiKTeX\tex/latex/pgf/basiclayer\
pgfcore.sty
(C:\Users\LandryNDZESSA\AppData\Local\Programs\MiKTeX\tex/latex/pgf/systemlayer
\pgfsys.sty
(C:\Users\LandryNDZESSA\AppData\Local\Programs\MiKTeX\tex/generic/pgf/systemlay
er\pgfsys.code.tex
Package: pgfsys 2025-08-29 v3.1.11a (3.1.11a)

(C:\Users\LandryNDZESSA\AppData\Local\Programs\MiKTeX\tex/generic/pgf/utilities
\pgfkeys.code.tex
\pgfkeys@pathtoks=\toks42
\pgfkeys@temptoks=\toks43

(C:\Users\LandryNDZESSA\AppData\Local\Programs\MiKTeX\tex/generic/pgf/utilities
\pgfkeyslibraryfiltered.code.tex
\pgfkeys@tmptoks=\toks44
))
\pgf@x=\dimen281
\pgf@y=\dimen282
\pgf@xa=\dimen283
\pgf@ya=\dimen284
\pgf@xb=\dimen285
\pgf@yb=\dimen286
\pgf@xc=\dimen287
\pgf@yc=\dimen288
\pgf@xd=\dimen289
\pgf@yd=\dimen290
\w@pgf@writea=\write3
\r@pgf@reada=\read4
\c@pgf@counta=\count352
\c@pgf@countb=\count353
\c@pgf@countc=\count354
\c@pgf@countd=\count355
\t@pgf@toka=\toks45
\t@pgf@tokb=\toks46
\t@pgf@tokc=\toks47
\pgf@sys@id@count=\count356

(C:\Users\LandryNDZESSA\AppData\Local\Programs\MiKTeX\tex/generic/pgf/systemlay
er\pgf.cfg
File: pgf.cfg 2025-08-29 v3.1.11a (3.1.11a)
)
Driver file for pgf: pgfsys-pdftex.def

(C:\Users\LandryNDZESSA\AppData\Local\Programs\MiKTeX\tex/generic/pgf/systemlay
er\pgfsys-pdftex.def
File: pgfsys-pdftex.def 2025-08-29 v3.1.11a (3.1.11a)

(C:\Users\LandryNDZESSA\AppData\Local\Programs\MiKTeX\tex/generic/pgf/systemlay
er\pgfsys-common-pdf.def
File: pgfsys-common-pdf.def 2025-08-29 v3.1.11a (3.1.11a)
)))
(C:\Users\LandryNDZESSA\AppData\Local\Programs\MiKTeX\tex/generic/pgf/systemlay
er\pgfsyssoftpath.code.tex
File: pgfsyssoftpath.code.tex 2025-08-29 v3.1.11a (3.1.11a)
\pgfsyssoftpath@smallbuffer@items=\count357
\pgfsyssoftpath@bigbuffer@items=\count358
)
(C:\Users\LandryNDZESSA\AppData\Local\Programs\MiKTeX\tex/generic/pgf/systemlay
er\pgfsysprotocol.code.tex
File: pgfsysprotocol.code.tex 2025-08-29 v3.1.11a (3.1.11a)
))
(C:\Users\LandryNDZESSA\AppData\Local\Programs\MiKTeX\tex/generic/pgf/basiclaye
r\pgfcore.code.tex
Package: pgfcore 2025-08-29 v3.1.11a (3.1.11a)

(C:\Users\LandryNDZESSA\AppData\Local\Programs\MiKTeX\tex/generic/pgf/math\pgfm
ath.code.tex
(C:\Users\LandryNDZESSA\AppData\Local\Programs\MiKTeX\tex/generic/pgf/math\pgfm
athutil.code.tex)
(C:\Users\LandryNDZESSA\AppData\Local\Programs\MiKTeX\tex/generic/pgf/math\pgfm
athparser.code.tex
\pgfmath@dimen=\dimen291
\pgfmath@count=\count359
\pgfmath@box=\box70
\pgfmath@toks=\toks48
\pgfmath@stack@operand=\toks49
\pgfmath@stack@operation=\toks50
)
(C:\Users\LandryNDZESSA\AppData\Local\Programs\MiKTeX\tex/generic/pgf/math\pgfm
athfunctions.code.tex)
(C:\Users\LandryNDZESSA\AppData\Local\Programs\MiKTeX\tex/generic/pgf/math\pgfm
athfunctions.basic.code.tex)
(C:\Users\LandryNDZESSA\AppData\Local\Programs\MiKTeX\tex/generic/pgf/math\pgfm
athfunctions.trigonometric.code.tex)
(C:\Users\LandryNDZESSA\AppData\Local\Programs\MiKTeX\tex/generic/pgf/math\pgfm
athfunctions.random.code.tex)
(C:\Users\LandryNDZESSA\AppData\Local\Programs\MiKTeX\tex/generic/pgf/math\pgfm
athfunctions.comparison.code.tex)
(C:\Users\LandryNDZESSA\AppData\Local\Programs\MiKTeX\tex/generic/pgf/math\pgfm
athfunctions.base.code.tex)
(C:\Users\LandryNDZESSA\AppData\Local\Programs\MiKTeX\tex/generic/pgf/math\pgfm
athfunctions.round.code.tex)
(C:\Users\LandryNDZESSA\AppData\Local\Programs\MiKTeX\tex/generic/pgf/math\pgfm
athfunctions.misc.code.tex)
(C:\Users\LandryNDZESSA\AppData\Local\Programs\MiKTeX\tex/generic/pgf/math\pgfm
athfunctions.integerarithmetics.code.tex)
(C:\Users\LandryNDZESSA\AppData\Local\Programs\MiKTeX\tex/generic/pgf/math\pgfm
athcalc.code.tex)
(C:\Users\LandryNDZESSA\AppData\Local\Programs\MiKTeX\tex/generic/pgf/math\pgfm
athfloat.code.tex
\c@pgfmathroundto@lastzeros=\count360
))
(C:\Users\LandryNDZESSA\AppData\Local\Programs\MiKTeX\tex/generic/pgf/math\pgfi
nt.code.tex)
(C:\Users\LandryNDZESSA\AppData\Local\Programs\MiKTeX\tex/generic/pgf/basiclaye
r\pgfcorepoints.code.tex
File: pgfcorepoints.code.tex 2025-08-29 v3.1.11a (3.1.11a)
\pgf@picminx=\dimen292
\pgf@picmaxx=\dimen293
\pgf@picminy=\dimen294
\pgf@picmaxy=\dimen295
\pgf@pathminx=\dimen296
\pgf@pathmaxx=\dimen297
\pgf@pathminy=\dimen298
\pgf@pathmaxy=\dimen299
\pgf@xx=\dimen300
\pgf@xy=\dimen301
\pgf@yx=\dimen302
\pgf@yy=\dimen303
\pgf@zx=\dimen304
\pgf@zy=\dimen305
)
(C:\Users\LandryNDZESSA\AppData\Local\Programs\MiKTeX\tex/generic/pgf/basiclaye
r\pgfcorepathconstruct.code.tex
File: pgfcorepathconstruct.code.tex 2025-08-29 v3.1.11a (3.1.11a)
\pgf@path@lastx=\dimen306
\pgf@path@lasty=\dimen307
)
(C:\Users\LandryNDZESSA\AppData\Local\Programs\MiKTeX\tex/generic/pgf/basiclaye
r\pgfcorepathusage.code.tex
File: pgfcorepathusage.code.tex 2025-08-29 v3.1.11a (3.1.11a)
\pgf@shorten@end@additional=\dimen308
\pgf@shorten@start@additional=\dimen309
)
(C:\Users\LandryNDZESSA\AppData\Local\Programs\MiKTeX\tex/generic/pgf/basiclaye
r\pgfcorescopes.code.tex
File: pgfcorescopes.code.tex 2025-08-29 v3.1.11a (3.1.11a)
\pgfpic=\box71
\pgf@hbox=\box72
\pgf@layerbox@main=\box73
\pgf@picture@serial@count=\count361
)
(C:\Users\LandryNDZESSA\AppData\Local\Programs\MiKTeX\tex/generic/pgf/basiclaye
r\pgfcoregraphicstate.code.tex
File: pgfcoregraphicstate.code.tex 2025-08-29 v3.1.11a (3.1.11a)
\pgflinewidth=\dimen310
)
(C:\Users\LandryNDZESSA\AppData\Local\Programs\MiKTeX\tex/generic/pgf/basiclaye
r\pgfcoretransformations.code.tex
File: pgfcoretransformations.code.tex 2025-08-29 v3.1.11a (3.1.11a)
\pgf@pt@x=\dimen311
\pgf@pt@y=\dimen312
\pgf@pt@temp=\dimen313
)
(C:\Users\LandryNDZESSA\AppData\Local\Programs\MiKTeX\tex/generic/pgf/basiclaye
r\pgfcorequick.code.tex
File: pgfcorequick.code.tex 2025-08-29 v3.1.11a (3.1.11a)
)
(C:\Users\LandryNDZESSA\AppData\Local\Programs\MiKTeX\tex/generic/pgf/basiclaye
r\pgfcoreobjects.code.tex
File: pgfcoreobjects.code.tex 2025-08-29 v3.1.11a (3.1.11a)
)
(C:\Users\LandryNDZESSA\AppData\Local\Programs\MiKTeX\tex/generic/pgf/basiclaye
r\pgfcorepathprocessing.code.tex
File: pgfcorepathprocessing.code.tex 2025-08-29 v3.1.11a (3.1.11a)
)
(C:\Users\LandryNDZESSA\AppData\Local\Programs\MiKTeX\tex/generic/pgf/basiclaye
r\pgfcorearrows.code.tex
File: pgfcorearrows.code.tex 2025-08-29 v3.1.11a (3.1.11a)
\pgfarrowsep=\dimen314
)
(C:\Users\LandryNDZESSA\AppData\Local\Programs\MiKTeX\tex/generic/pgf/basiclaye
r\pgfcoreshade.code.tex
File: pgfcoreshade.code.tex 2025-08-29 v3.1.11a (3.1.11a)
\pgf@max=\dimen315
\pgf@sys@shading@range@num=\count362
\pgf@shadingcount=\count363
)
(C:\Users\LandryNDZESSA\AppData\Local\Programs\MiKTeX\tex/generic/pgf/basiclaye
r\pgfcoreimage.code.tex
File: pgfcoreimage.code.tex 2025-08-29 v3.1.11a (3.1.11a)
)
(C:\Users\LandryNDZESSA\AppData\Local\Programs\MiKTeX\tex/generic/pgf/basiclaye
r\pgfcoreexternal.code.tex
File: pgfcoreexternal.code.tex 2025-08-29 v3.1.11a (3.1.11a)
\pgfexternal@startupbox=\box74
)
(C:\Users\LandryNDZESSA\AppData\Local\Programs\MiKTeX\tex/generic/pgf/basiclaye
r\pgfcorelayers.code.tex
File: pgfcorelayers.code.tex 2025-08-29 v3.1.11a (3.1.11a)
)
(C:\Users\LandryNDZESSA\AppData\Local\Programs\MiKTeX\tex/generic/pgf/basiclaye
r\pgfcoretransparency.code.tex
File: pgfcoretransparency.code.tex 2025-08-29 v3.1.11a (3.1.11a)
)
(C:\Users\LandryNDZESSA\AppData\Local\Programs\MiKTeX\tex/generic/pgf/basiclaye
r\pgfcorepatterns.code.tex
File: pgfcorepatterns.code.tex 2025-08-29 v3.1.11a (3.1.11a)
)
(C:\Users\LandryNDZESSA\AppData\Local\Programs\MiKTeX\tex/generic/pgf/basiclaye
r\pgfcorerdf.code.tex
File: pgfcorerdf.code.tex 2025-08-29 v3.1.11a (3.1.11a)
)))
(C:\Users\LandryNDZESSA\AppData\Local\Programs\MiKTeX\tex/generic/pgf/modules\p
gfmoduleshapes.code.tex
File: pgfmoduleshapes.code.tex 2025-08-29 v3.1.11a (3.1.11a)
\pgfnodeparttextbox=\box75
)
(C:\Users\LandryNDZESSA\AppData\Local\Programs\MiKTeX\tex/generic/pgf/modules\p
gfmoduleplot.code.tex
File: pgfmoduleplot.code.tex 2025-08-29 v3.1.11a (3.1.11a)
)
(C:\Users\LandryNDZESSA\AppData\Local\Programs\MiKTeX\tex/latex/pgf/compatibili
ty\pgfcomp-version-0-65.sty
Package: pgfcomp-version-0-65 2025-08-29 v3.1.11a (3.1.11a)
\pgf@nodesepstart=\dimen316
\pgf@nodesepend=\dimen317
)
(C:\Users\LandryNDZESSA\AppData\Local\Programs\MiKTeX\tex/latex/pgf/compatibili
ty\pgfcomp-version-1-18.sty
Package: pgfcomp-version-1-18 2025-08-29 v3.1.11a (3.1.11a)
))
(C:\Users\LandryNDZESSA\AppData\Local\Programs\MiKTeX\tex/latex/pgf/utilities\p
gffor.sty
(C:\Users\LandryNDZESSA\AppData\Local\Programs\MiKTeX\tex/latex/pgf/utilities\p
gfkeys.sty
(C:\Users\LandryNDZESSA\AppData\Local\Programs\MiKTeX\tex/generic/pgf/utilities
\pgfkeys.code.tex))
(C:\Users\LandryNDZESSA\AppData\Local\Programs\MiKTeX\tex/latex/pgf/math\pgfmat
h.sty
(C:\Users\LandryNDZESSA\AppData\Local\Programs\MiKTeX\tex/generic/pgf/math\pgfm
ath.code.tex))
(C:\Users\LandryNDZESSA\AppData\Local\Programs\MiKTeX\tex/generic/pgf/utilities
\pgffor.code.tex
Package: pgffor 2025-08-29 v3.1.11a (3.1.11a)
\pgffor@iter=\dimen318
\pgffor@skip=\dimen319
\pgffor@stack=\toks51
\pgffor@toks=\toks52
))
(C:\Users\LandryNDZESSA\AppData\Local\Programs\MiKTeX\tex/generic/pgf/frontendl
ayer/tikz\tikz.code.tex
Package: tikz 2025-08-29 v3.1.11a (3.1.11a)

(C:\Users\LandryNDZESSA\AppData\Local\Programs\MiKTeX\tex/generic/pgf/libraries
\pgflibraryplothandlers.code.tex
File: pgflibraryplothandlers.code.tex 2025-08-29 v3.1.11a (3.1.11a)
\pgf@plot@mark@count=\count364
\pgfplotmarksize=\dimen320
)
\tikz@lastx=\dimen321
\tikz@lasty=\dimen322
\tikz@lastxsaved=\dimen323
\tikz@lastysaved=\dimen324
\tikz@lastmovetox=\dimen325
\tikz@lastmovetoy=\dimen326
\tikzleveldistance=\dimen327
\tikzsiblingdistance=\dimen328
\tikz@figbox=\box76
\tikz@figbox@bg=\box77
\tikz@tempbox=\box78
\tikz@tempbox@bg=\box79
\tikztreelevel=\count365
\tikznumberofchildren=\count366
\tikznumberofcurrentchild=\count367
\tikz@fig@count=\count368

(C:\Users\LandryNDZESSA\AppData\Local\Programs\MiKTeX\tex/generic/pgf/modules\p
gfmodulematrix.code.tex
File: pgfmodulematrix.code.tex 2025-08-29 v3.1.11a (3.1.11a)
\pgfmatrixcurrentrow=\count369
\pgfmatrixcurrentcolumn=\count370
\pgf@matrix@numberofcolumns=\count371
)
\tikz@expandcount=\count372

(C:\Users\LandryNDZESSA\AppData\Local\Programs\MiKTeX\tex/generic/pgf/frontendl
ayer/tikz/libraries\tikzlibrarytopaths.code.tex
File: tikzlibrarytopaths.code.tex 2025-08-29 v3.1.11a (3.1.11a)
)))
(C:\Users\LandryNDZESSA\AppData\Local\Programs\MiKTeX\tex/generic/pgf/frontendl
ayer/tikz/libraries\tikzlibraryshapes.code.tex
File: tikzlibraryshapes.code.tex 2025-08-29 v3.1.11a (3.1.11a)

(C:\Users\LandryNDZESSA\AppData\Local\Programs\MiKTeX\tex/generic/pgf/frontendl
ayer/tikz/libraries\tikzlibraryshapes.geometric.code.tex
File: tikzlibraryshapes.geometric.code.tex 2025-08-29 v3.1.11a (3.1.11a)

(C:\Users\LandryNDZESSA\AppData\Local\Programs\MiKTeX\tex/generic/pgf/libraries
/shapes\pgflibraryshapes.geometric.code.tex
File: pgflibraryshapes.geometric.code.tex 2025-08-29 v3.1.11a (3.1.11a)
))
(C:\Users\LandryNDZESSA\AppData\Local\Programs\MiKTeX\tex/generic/pgf/frontendl
ayer/tikz/libraries\tikzlibraryshapes.misc.code.tex
File: tikzlibraryshapes.misc.code.tex 2025-08-29 v3.1.11a (3.1.11a)

(C:\Users\LandryNDZESSA\AppData\Local\Programs\MiKTeX\tex/generic/pgf/libraries
/shapes\pgflibraryshapes.misc.code.tex
File: pgflibraryshapes.misc.code.tex 2025-08-29 v3.1.11a (3.1.11a)
))
(C:\Users\LandryNDZESSA\AppData\Local\Programs\MiKTeX\tex/generic/pgf/frontendl
ayer/tikz/libraries\tikzlibraryshapes.symbols.code.tex
File: tikzlibraryshapes.symbols.code.tex 2025-08-29 v3.1.11a (3.1.11a)

(C:\Users\LandryNDZESSA\AppData\Local\Programs\MiKTeX\tex/generic/pgf/libraries
/shapes\pgflibraryshapes.symbols.code.tex
File: pgflibraryshapes.symbols.code.tex 2025-08-29 v3.1.11a (3.1.11a)
))
(C:\Users\LandryNDZESSA\AppData\Local\Programs\MiKTeX\tex/generic/pgf/frontendl
ayer/tikz/libraries\tikzlibraryshapes.arrows.code.tex
File: tikzlibraryshapes.arrows.code.tex 2025-08-29 v3.1.11a (3.1.11a)

(C:\Users\LandryNDZESSA\AppData\Local\Programs\MiKTeX\tex/generic/pgf/libraries
/shapes\pgflibraryshapes.arrows.code.tex
File: pgflibraryshapes.arrows.code.tex 2025-08-29 v3.1.11a (3.1.11a)
))
(C:\Users\LandryNDZESSA\AppData\Local\Programs\MiKTeX\tex/generic/pgf/frontendl
ayer/tikz/libraries\tikzlibraryshapes.callouts.code.tex
(C:\Users\LandryNDZESSA\AppData\Local\Programs\MiKTeX\tex/generic/pgf/libraries
/shapes\pgflibraryshapes.callouts.code.tex))
(C:\Users\LandryNDZESSA\AppData\Local\Programs\MiKTeX\tex/generic/pgf/frontendl
ayer/tikz/libraries\tikzlibraryshapes.multipart.code.tex
File: tikzlibraryshapes.multipart.code.tex 2025-08-29 v3.1.11a (3.1.11a)

(C:\Users\LandryNDZESSA\AppData\Local\Programs\MiKTeX\tex/generic/pgf/libraries
/shapes\pgflibraryshapes.multipart.code.tex
File: pgflibraryshapes.multipart.code.tex 2025-08-29 v3.1.11a (3.1.11a)
\pgfnodepartlowerbox=\box80
\pgfnodeparttwobox=\box81
\pgfnodepartthreebox=\box82
\pgfnodepartfourbox=\box83
\pgfnodeparttwentybox=\box84
\pgfnodepartnineteenbox=\box85
\pgfnodeparteighteenbox=\box86
\pgfnodepartseventeenbox=\box87
\pgfnodepartsixteenbox=\box88
\pgfnodepartfifteenbox=\box89
\pgfnodepartfourteenbox=\box90
\pgfnodepartthirteenbox=\box91
\pgfnodeparttwelvebox=\box92
\pgfnodepartelevenbox=\box93
\pgfnodeparttenbox=\box94
\pgfnodepartninebox=\box95
\pgfnodeparteightbox=\box96
\pgfnodepartsevenbox=\box97
\pgfnodepartsixbox=\box98
\pgfnodepartfivebox=\box99
)))
(C:\Users\LandryNDZESSA\AppData\Local\Programs\MiKTeX\tex/generic/pgf/libraries
\pgflibraryarrows.meta.code.tex
File: pgflibraryarrows.meta.code.tex 2025-08-29 v3.1.11a (3.1.11a)
\pgfarrowinset=\dimen329
\pgfarrowlength=\dimen330
\pgfarrowwidth=\dimen331
\pgfarrowlinewidth=\dimen332
)
(C:\Users\LandryNDZESSA\AppData\Local\Programs\MiKTeX\tex/generic/pgf/frontendl
ayer/tikz/libraries\tikzlibrarypositioning.code.tex
File: tikzlibrarypositioning.code.tex 2025-08-29 v3.1.11a (3.1.11a)
)
(C:\Users\LandryNDZESSA\AppData\Local\Programs\MiKTeX\tex/generic/pgf/frontendl
ayer/tikz/libraries\tikzlibrarycalc.code.tex
File: tikzlibrarycalc.code.tex 2025-08-29 v3.1.11a (3.1.11a)
)
(C:\Users\LandryNDZESSA\AppData\Local\Programs\MiKTeX\tex/generic/pgf/frontendl
ayer/tikz/libraries\tikzlibrarydecorations.pathmorphing.code.tex
(C:\Users\LandryNDZESSA\AppData\Local\Programs\MiKTeX\tex/generic/pgf/frontendl
ayer/tikz/libraries\tikzlibrarydecorations.code.tex
(C:\Users\LandryNDZESSA\AppData\Local\Programs\MiKTeX\tex/generic/pgf/modules\p
gfmoduledecorations.code.tex
\pgfdecoratedcompleteddistance=\dimen333
\pgfdecoratedremainingdistance=\dimen334
\pgfdecoratedinputsegmentcompleteddistance=\dimen335
\pgfdecoratedinputsegmentremainingdistance=\dimen336
\pgf@decorate@distancetomove=\dimen337
\pgf@decorate@repeatstate=\count373
\pgfdecorationsegmentamplitude=\dimen338
\pgfdecorationsegmentlength=\dimen339
)
\tikz@lib@dec@box=\box100
)
(C:\Users\LandryNDZESSA\AppData\Local\Programs\MiKTeX\tex/generic/pgf/libraries
/decorations\pgflibrarydecorations.pathmorphing.code.tex))
(C:\Users\LandryNDZESSA\AppData\Local\Programs\MiKTeX\tex/latex/tools\tabularx.
sty
Package: tabularx 2023/12/11 v2.12a `tabularx' package (DPC)
\TX@col@width=\dimen340
\TX@old@table=\dimen341
\TX@old@col=\dimen342
\TX@target=\dimen343
\TX@delta=\dimen344
\TX@cols=\count374
\TX@ftn=\toks53
)
(C:\Users\LandryNDZESSA\AppData\Local\Programs\MiKTeX\tex/latex/multirow\multir
ow.sty
Package: multirow 2024/11/12 v2.9 Span multiple rows of a table
\multirow@colwidth=\skip72
\multirow@cntb=\count375
\multirow@dima=\skip73
\bigstrutjot=\dimen345
)
(C:\Users\LandryNDZESSA\AppData\Local\Programs\MiKTeX\tex/latex/tools\longtable
.sty
Package: longtable 2025-10-13 v4.24 Multi-page Table package (DPC)
\LTleft=\skip74
\LTright=\skip75
\LTpre=\skip76
\LTpost=\skip77
\LTchunksize=\count376
\LTcapwidth=\dimen346
\LT@head=\box101
\LT@firsthead=\box102
\LT@foot=\box103
\LT@lastfoot=\box104
\LT@gbox=\box105
\LT@cols=\count377
\LT@rows=\count378
\c@LT@tables=\count379
\c@LT@chunks=\count380
\LT@p@ftn=\toks54
)
(C:\Users\LandryNDZESSA\AppData\Local\Programs\MiKTeX\tex/latex/listings\listin
gs.sty
\lst@mode=\count381
\lst@gtempboxa=\box106
\lst@token=\toks55
\lst@length=\count382
\lst@currlwidth=\dimen347
\lst@column=\count383
\lst@pos=\count384
\lst@lostspace=\dimen348
\lst@width=\dimen349
\lst@newlines=\count385
\lst@lineno=\count386
\lst@maxwidth=\dimen350

(C:\Users\LandryNDZESSA\AppData\Local\Programs\MiKTeX\tex/latex/listings\lstpat
ch.sty
File: lstpatch.sty 2025/11/14 1.11b (Carsten Heinz)
)
(C:\Users\LandryNDZESSA\AppData\Local\Programs\MiKTeX\tex/latex/listings\lstmis
c.sty
File: lstmisc.sty 2025/11/14 1.11b (Carsten Heinz)
\c@lstnumber=\count387
\lst@skipnumbers=\count388
\lst@framebox=\box107
)
(C:\Users\LandryNDZESSA\AppData\Local\Programs\MiKTeX\tex/latex/listings\listin
gs.cfg
File: listings.cfg 2025/11/14 1.11b listings configuration
))
Package: listings 2025/11/14 1.11b (Carsten Heinz)

==> First Aid for listings.sty no longer applied!
    Expected:
        2024/09/23 1.10c (Carsten Heinz)
    but found:
        2025/11/14 1.11b (Carsten Heinz)
    so I'm assuming it got fixed.

(C:\Users\LandryNDZESSA\AppData\Local\Programs\MiKTeX\tex/latex/algorithms\algo
rithm.sty
Package: algorithm 2009/08/24 v0.1 Document Style `algorithm' - floating enviro
nment
\@float@every@algorithm=\toks56
\c@algorithm=\count389
)
(C:\Users\LandryNDZESSA\AppData\Local\Programs\MiKTeX\tex/latex/algorithmicx\al
gpseudocode.sty
Package: algpseudocode 

(C:\Users\LandryNDZESSA\AppData\Local\Programs\MiKTeX\tex/latex/algorithmicx\al
gorithmicx.sty
Package: algorithmicx 2005/04/27 v1.2 Algorithmicx

Document Style algorithmicx 1.2 - a greatly improved `algorithmic' style
\c@ALG@line=\count390
\c@ALG@rem=\count391
\c@ALG@nested=\count392
\ALG@tlm=\skip78
\ALG@thistlm=\skip79
\c@ALG@Lnr=\count393
\c@ALG@blocknr=\count394
\c@ALG@storecount=\count395
\c@ALG@tmpcounter=\count396
\ALG@tmplength=\skip80
)
Document Style - pseudocode environments for use with the `algorithmicx' style
)
(C:\Users\LandryNDZESSA\AppData\Local\Programs\MiKTeX\tex/latex/hyperref\hyperr
ef.sty
Package: hyperref 2025-07-12 v7.01o Hypertext links for LaTeX

(C:\Users\LandryNDZESSA\AppData\Local\Programs\MiKTeX\tex/latex/kvsetkeys\kvset
keys.sty
Package: kvsetkeys 2022-10-05 v1.19 Key value parser (HO)
)
(C:\Users\LandryNDZESSA\AppData\Local\Programs\MiKTeX\tex/generic/kvdefinekeys\
kvdefinekeys.sty
Package: kvdefinekeys 2019-12-19 v1.6 Define keys (HO)
)
(C:\Users\LandryNDZESSA\AppData\Local\Programs\MiKTeX\tex/generic/pdfescape\pdf
escape.sty
Package: pdfescape 2019/12/09 v1.15 Implements pdfTeX's escape features (HO)
)
(C:\Users\LandryNDZESSA\AppData\Local\Programs\MiKTeX\tex/latex/hycolor\hycolor
.sty
Package: hycolor 2020-01-27 v1.10 Color options for hyperref/bookmark (HO)
)
(C:\Users\LandryNDZESSA\AppData\Local\Programs\MiKTeX\tex/latex/hyperref\namere
f.sty
Package: nameref 2025-06-21 v2.57 Cross-referencing by name of section

(C:\Users\LandryNDZESSA\AppData\Local\Programs\MiKTeX\tex/latex/refcount\refcou
nt.sty
Package: refcount 2019/12/15 v3.6 Data extraction from label references (HO)
)
(C:\Users\LandryNDZESSA\AppData\Local\Programs\MiKTeX\tex/generic/gettitlestrin
g\gettitlestring.sty
Package: gettitlestring 2019/12/15 v1.6 Cleanup title references (HO)

(C:\Users\LandryNDZESSA\AppData\Local\Programs\MiKTeX\tex/latex/kvoptions\kvopt
ions.sty
Package: kvoptions 2022-06-15 v3.15 Key value format for package options (HO)
))
\c@section@level=\count397
)
(C:\Users\LandryNDZESSA\AppData\Local\Programs\MiKTeX\tex/generic/stringenc\str
ingenc.sty
Package: stringenc 2019/11/29 v1.12 Convert strings between diff. encodings (HO
)
)
\@linkdim=\dimen351
\Hy@linkcounter=\count398
\Hy@pagecounter=\count399

(C:\Users\LandryNDZESSA\AppData\Local\Programs\MiKTeX\tex/latex/hyperref\pd1enc
.def
File: pd1enc.def 2025-07-12 v7.01o Hyperref: PDFDocEncoding definition (HO)
Now handling font encoding PD1 ...
... no UTF-8 mapping file for font encoding PD1
)
(C:\Users\LandryNDZESSA\AppData\Local\Programs\MiKTeX\tex/generic/intcalc\intca
lc.sty
Package: intcalc 2019/12/15 v1.3 Expandable calculations with integers (HO)
)
\Hy@SavedSpaceFactor=\count400

(C:\Users\LandryNDZESSA\AppData\Local\Programs\MiKTeX\tex/latex/hyperref\puenc.
def
File: puenc.def 2025-07-12 v7.01o Hyperref: PDF Unicode definition (HO)
Now handling font encoding PU ...
... no UTF-8 mapping file for font encoding PU
)
Package hyperref Info: Option `colorlinks' set `true' on input line 4066.
Package hyperref Info: Option `bookmarks' set `true' on input line 4066.
Package hyperref Info: Hyper figures OFF on input line 4195.
Package hyperref Info: Link nesting OFF on input line 4200.
Package hyperref Info: Hyper index ON on input line 4203.
Package hyperref Info: Plain pages OFF on input line 4210.
Package hyperref Info: Backreferencing OFF on input line 4215.
Package hyperref Info: Implicit mode ON; LaTeX internals redefined.
Package hyperref Info: Bookmarks ON on input line 4462.
\c@Hy@tempcnt=\count401

(C:\Users\LandryNDZESSA\AppData\Local\Programs\MiKTeX\tex/latex/url\url.sty
\Urlmuskip=\muskip18
Package: url 2013/09/16  ver 3.4  Verb mode for urls, etc.
)
LaTeX Info: Redefining \url on input line 4801.
\XeTeXLinkMargin=\dimen352

(C:\Users\LandryNDZESSA\AppData\Local\Programs\MiKTeX\tex/generic/bitset\bitset
.sty
Package: bitset 2019/12/09 v1.3 Handle bit-vector datatype (HO)

(C:\Users\LandryNDZESSA\AppData\Local\Programs\MiKTeX\tex/generic/bigintcalc\bi
gintcalc.sty
Package: bigintcalc 2019/12/15 v1.5 Expandable calculations on big integers (HO
)
))
\Fld@menulength=\count402
\Field@Width=\dimen353
\Fld@charsize=\dimen354
Package hyperref Info: Hyper figures OFF on input line 6078.
Package hyperref Info: Link nesting OFF on input line 6083.
Package hyperref Info: Hyper index ON on input line 6086.
Package hyperref Info: backreferencing OFF on input line 6093.
Package hyperref Info: Link coloring ON on input line 6096.
Package hyperref Info: Link coloring with OCG OFF on input line 6103.
Package hyperref Info: PDF/A mode OFF on input line 6108.
\Hy@abspage=\count403
\c@Item=\count404
\c@Hfootnote=\count405
)
Package hyperref Info: Driver (autodetected): hpdftex.

(C:\Users\LandryNDZESSA\AppData\Local\Programs\MiKTeX\tex/latex/hyperref\hpdfte
x.def
File: hpdftex.def 2025-07-12 v7.01o Hyperref driver for pdfTeX
\Fld@listcount=\count406
\c@bookmark@seq@number=\count407

(C:\Users\LandryNDZESSA\AppData\Local\Programs\MiKTeX\tex/latex/rerunfilecheck\
rerunfilecheck.sty
Package: rerunfilecheck 2025-06-21 v1.11 Rerun checks for auxiliary files (HO)

(C:\Users\LandryNDZESSA\AppData\Local\Programs\MiKTeX\tex/generic/uniquecounter
\uniquecounter.sty
Package: uniquecounter 2019/12/15 v1.4 Provide unlimited unique counter (HO)
)
Package uniquecounter Info: New unique counter `rerunfilecheck' on input line 2
84.
)
\Hy@SectionHShift=\skip81
)
(C:\Users\LandryNDZESSA\AppData\Local\Programs\MiKTeX\tex/latex/natbib\natbib.s
ty
Package: natbib 2010/09/13 8.31b (PWD, AO)
\bibhang=\skip82
\bibsep=\skip83
LaTeX Info: Redefining \cite on input line 694.
\c@NAT@ctr=\count408
)
(C:\Users\LandryNDZESSA\AppData\Local\Programs\MiKTeX\tex/latex/titlesec\titles
ec.sty
Package: titlesec 2025/01/04 v2.17 Sectioning titles
\ttl@box=\box108
\beforetitleunit=\skip84
\aftertitleunit=\skip85
\ttl@plus=\dimen355
\ttl@minus=\dimen356
\ttl@toksa=\toks57
\titlewidth=\dimen357
\titlewidthlast=\dimen358
\titlewidthfirst=\dimen359
)
(C:\Users\LandryNDZESSA\AppData\Local\Programs\MiKTeX\tex/latex/titlesec\titlet
oc.sty
Package: titletoc 2025/01/04 v2.17 TOC entries
\ttl@leftsep=\dimen360
)
(C:\Users\LandryNDZESSA\AppData\Local\Programs\MiKTeX\tex/latex/tocloft\tocloft
.sty
Package: tocloft 2017/08/31 v2.3i parameterised ToC, etc., typesetting
Package tocloft Info: The document has chapter divisions on input line 51.
\cftparskip=\skip86
\cftbeforetoctitleskip=\skip87
\cftaftertoctitleskip=\skip88
\cftbeforepartskip=\skip89
\cftpartnumwidth=\skip90
\cftpartindent=\skip91
\cftbeforechapskip=\skip92
\cftchapindent=\skip93
\cftchapnumwidth=\skip94
\cftbeforesecskip=\skip95
\cftsecindent=\skip96
\cftsecnumwidth=\skip97
\cftbeforesubsecskip=\skip98
\cftsubsecindent=\skip99
\cftsubsecnumwidth=\skip100
\cftbeforesubsubsecskip=\skip101
\cftsubsubsecindent=\skip102
\cftsubsubsecnumwidth=\skip103
\cftbeforeparaskip=\skip104
\cftparaindent=\skip105
\cftparanumwidth=\skip106
\cftbeforesubparaskip=\skip107
\cftsubparaindent=\skip108
\cftsubparanumwidth=\skip109
\cftbeforeloftitleskip=\skip110
\cftafterloftitleskip=\skip111
\cftbeforefigskip=\skip112
\cftfigindent=\skip113
\cftfignumwidth=\skip114
\c@lofdepth=\count409
\c@lotdepth=\count410
\cftbeforelottitleskip=\skip115
\cftafterlottitleskip=\skip116
\cftbeforetabskip=\skip117
\cfttabindent=\skip118
\cfttabnumwidth=\skip119
)
(C:\Users\LandryNDZESSA\AppData\Local\Programs\MiKTeX\tex/latex/tcolorbox\tcolo
rbox.sty
Package: tcolorbox 2025/11/28 version 6.9.0 text color boxes

(C:\Users\LandryNDZESSA\AppData\Local\Programs\MiKTeX\tex/latex/tools\verbatim.
sty
Package: verbatim 2024-01-22 v1.5x LaTeX2e package for verbatim enhancements
\every@verbatim=\toks58
\verbatim@line=\toks59
\verbatim@in@stream=\read5
)
(C:\Users\LandryNDZESSA\AppData\Local\Programs\MiKTeX\tex/latex/environ\environ
.sty
Package: environ 2014/05/04 v0.3 A new way to define environments

(C:\Users\LandryNDZESSA\AppData\Local\Programs\MiKTeX\tex/latex/trimspaces\trim
spaces.sty
Package: trimspaces 2009/09/17 v1.1 Trim spaces around a token list
))
\tcb@titlebox=\box109
\tcb@upperbox=\box110
\tcb@lowerbox=\box111
\tcb@phantombox=\box112
\c@tcbbreakpart=\count411
\c@tcblayer=\count412
\c@tcolorbox@number=\count413
\l__tcobox_tmpa_box=\box113
\l__tcobox_tmpa_dim=\dimen361
\tcb@temp=\box114
\tcb@temp=\box115
\tcb@temp=\box116
\tcb@temp=\box117
)
(C:\Users\LandryNDZESSA\AppData\Local\Programs\MiKTeX\tex/latex/tcolorbox\tcbra
ster.code.tex
Library (tcolorbox): 'tcbraster.code.tex' version '6.9.0'
\c@tcbrastercolumn=\count414
\c@tcbrasterrow=\count415
\c@tcbrasternum=\count416
\c@tcbraster=\count417
)
(C:\Users\LandryNDZESSA\AppData\Local\Programs\MiKTeX\tex/latex/tcolorbox\tcbsk
ins.code.tex
Library (tcolorbox): 'tcbskins.code.tex' version '6.9.0'

(C:\Users\LandryNDZESSA\AppData\Local\Programs\MiKTeX\tex/latex/tikzfill\tikzfi
ll.image.sty
Package: tikzfill.image 2026/04/23 v1.2.0 Image filling library for TikZ

(C:\Users\LandryNDZESSA\AppData\Local\Programs\MiKTeX\tex/latex/tikzfill\tikzli
braryfill.image.code.tex
File: tikzlibraryfill.image.code.tex 2026/04/23 v1.2.0 Image filling library
\l__tikzfill_tmpa_dim=\dimen362
\l__tikzfill_tmpb_dim=\dimen363
\l__tikzfill_img_box=\box118
))
(C:\Users\LandryNDZESSA\AppData\Local\Programs\MiKTeX\tex/latex/tcolorbox\tcbsk
insjigsaw.code.tex
Library (tcolorbox): 'tcbskinsjigsaw.code.tex' version '6.9.0'
))
(C:\Users\LandryNDZESSA\AppData\Local\Programs\MiKTeX\tex/latex/tcolorbox\tcbbr
eakable.code.tex
Library (tcolorbox): 'tcbbreakable.code.tex' version '6.9.0'

(C:\Users\LandryNDZESSA\AppData\Local\Programs\MiKTeX\tex/latex/pdfcol\pdfcol.s
ty
Package: pdfcol 2022-09-21 v1.7 Handle new color stacks for pdfTeX (HO)
)
Package pdfcol Info: New color stack `tcb@breakable' = 1 on input line 23.
\tcb@testbox=\box119
\tcb@totalupperbox=\box120
\tcb@totallowerbox=\box121
)
(C:\Users\LandryNDZESSA\AppData\Local\Programs\MiKTeX\tex/latex/tcolorbox\tcbho
oks.code.tex
Library (tcolorbox): 'tcbhooks.code.tex' version '6.9.0'
)
(C:\Users\LandryNDZESSA\AppData\Local\Programs\MiKTeX\tex/latex/tcolorbox\tcbth
eorems.code.tex
Library (tcolorbox): 'tcbtheorems.code.tex' version '6.9.0'
)
(C:\Users\LandryNDZESSA\AppData\Local\Programs\MiKTeX\tex/latex/tcolorbox\tcbfi
tting.code.tex
Library (tcolorbox): 'tcbfitting.code.tex' version '6.9.0'
\tcbfitdim=\dimen364
\tcb@lowerfitdim=\dimen365
\tcb@upperfitdim=\dimen366
\tcb@cur@hbadness=\count418
)
(C:\Users\LandryNDZESSA\AppData\Local\Programs\MiKTeX\tex/latex/tcolorbox\tcbli
stingsutf8.code.tex
Library (tcolorbox): 'tcblistingsutf8.code.tex' version '6.9.0'

(C:\Users\LandryNDZESSA\AppData\Local\Programs\MiKTeX\tex/latex/tcolorbox\tcbli
stings.code.tex
Library (tcolorbox): 'tcblistings.code.tex' version '6.9.0'

(C:\Users\LandryNDZESSA\AppData\Local\Programs\MiKTeX\tex/latex/tcolorbox\tcbli
stingscore.code.tex
Library (tcolorbox): 'tcblistingscore.code.tex' version '6.9.0'

(C:\Users\LandryNDZESSA\AppData\Local\Programs\MiKTeX\tex/latex/tcolorbox\tcbpr
ocessing.code.tex
Library (tcolorbox): 'tcbprocessing.code.tex' version '6.9.0'
)
\c@tcblisting=\count419
))
(C:\Users\LandryNDZESSA\AppData\Local\Programs\MiKTeX\tex/latex/listingsutf8\li
stingsutf8.sty
Package: listingsutf8 2019-12-10 v1.5 Allow UTF-8 in listings input (HO)
))
(C:\Users\LandryNDZESSA\AppData\Local\Programs\MiKTeX\tex/latex/tcolorbox\tcbex
ternal.code.tex
Library (tcolorbox): 'tcbexternal.code.tex' version '6.9.0'
)
(C:\Users\LandryNDZESSA\AppData\Local\Programs\MiKTeX\tex/latex/tcolorbox\tcbma
gazine.code.tex
Library (tcolorbox): 'tcbmagazine.code.tex' version '6.9.0'
)
(C:\Users\LandryNDZESSA\AppData\Local\Programs\MiKTeX\tex/latex/tcolorbox\tcbvi
gnette.code.tex
Library (tcolorbox): 'tcbvignette.code.tex' version '6.9.0'

(C:\Users\LandryNDZESSA\AppData\Local\Programs\MiKTeX\tex/generic/pgf/frontendl
ayer/tikz/libraries\tikzlibraryfadings.code.tex
File: tikzlibraryfadings.code.tex 2025-08-29 v3.1.11a (3.1.11a)

(C:\Users\LandryNDZESSA\AppData\Local\Programs\MiKTeX\tex/generic/pgf/libraries
\pgflibraryfadings.code.tex
File: pgflibraryfadings.code.tex 2025-08-29 v3.1.11a (3.1.11a)
)))
(C:\Users\LandryNDZESSA\AppData\Local\Programs\MiKTeX\tex/latex/tcolorbox\tcbpo
ster.code.tex
Library (tcolorbox): 'tcbposter.code.tex' version '6.9.0'
)
(C:\Users\LandryNDZESSA\AppData\Local\Programs\MiKTeX\tex/latex/glossaries/base
\glossaries.sty
Package: glossaries 2026/04/21 v5.1 (NLCT)

(C:\Users\LandryNDZESSA\AppData\Local\Programs\MiKTeX\tex/latex/mfirstuc\mfirst
uc.sty
Package: mfirstuc 2025/04/03 v2.09 (NLCT)
\@glsmfirst=\toks60
\@glsmrest=\toks61
)
(C:\Users\LandryNDZESSA\AppData\Local\Programs\MiKTeX\tex/latex/xfor\xfor.sty
Package: xfor 2009/02/05 v1.05 (NLCT)
)
(C:\Users\LandryNDZESSA\AppData\Local\Programs\MiKTeX\tex/latex/tracklang\track
lang.sty
Package: tracklang 2025/03/11 v1.6.6 (NLCT) Track Languages

(C:\Users\LandryNDZESSA\AppData\Local\Programs\MiKTeX\tex/generic/tracklang\tra
cklang.tex)
Package tracklang Info: Tracking dialect `french' (language `french') on input 
line 264.
Package tracklang Info: Tracking dialect `french' (language `french') on input 
line 264.
)
(C:\Users\LandryNDZESSA\AppData\Local\Programs\MiKTeX\tex/latex/translator\tran
slator.sty
Package: translator 2021-05-31 v1.12d Easy translation of strings in LaTeX
)
(C:\Users\LandryNDZESSA\AppData\Local\Programs\MiKTeX\tex/latex/glossaries-fren
ch\glossaries-french.ldf
File: glossaries-french.ldf 2016/12/12 v1.1
)
(C:\Users\LandryNDZESSA\AppData\Local\Programs\MiKTeX\tex/latex/datatool\datato
ol-base.sty
Package: datatool-base 2025/12/04 v3.4.3 (NLCT)
\l__datatool_tmpa_int=\count420
\l__datatool_tmpb_int=\count421
\l__datatool_tmpc_int=\count422
\l__datatool_tmpd_int=\count423
\l__datatool_count_int=\count424
\l__datatool_tmp_datatype_int=\count425
\l__datatool_tmpa_dim=\dimen367
\l__datatool_tmpb_dim=\dimen368

(C:\Users\LandryNDZESSA\AppData\Local\Programs\MiKTeX\tex/latex/datatool\datato
ol-l3fp.def
File: datatool-l3fp.def 2025/12/04 v3.4.3 (NLCT)
)
\@dtl@toks=\toks62
\@dtl@tmpcount=\count426
\dtl@tmplength=\skip120
\l__datatool_measure_box=\box122
\dtl@sortresult=\count427

(C:\Users\LandryNDZESSA\AppData\Local\Programs\MiKTeX\tex/latex/datatool\datato
ol-utf8.ldf
File: datatool-utf8.ldf 2025/12/04 v3.4.3 (NLCT)
)
\@dtl@datatype=\count428
\c_datatool_unknown_int=\count429
\l__datatool_year_int=\count430
\l__datatool_month_int=\count431
\l__datatool_day_int=\count432
\l__datatool_hour_int=\count433
\l__datatool_minute_int=\count434
\l__datatool_second_int=\count435
\l__datatool_tzhour_int=\count436
\l__datatool_tzminute_int=\count437
\l__datatool_julian_int=\count438
\l__datatool_local_julian_int=\count439
\l__datatool_prefix_int=\count440
\l__datatool_suffix_int=\count441
\@dtl@foreach@level=\count442


Package tracklang Warning: No `datatool' support for dialect `french'  on input
 line 9924.

\dtl@codeA=\count443
\dtl@codeB=\count444
)
\gls@level=\count445
\@gls@tmpb=\toks63
\gls@tmplen=\skip121
\l__glossaries_tmpa_dim=\dimen369
\l__glossaries_tmpb_dim=\dimen370
\glskeylisttok=\toks64
\glslabeltok=\toks65
\glsshorttok=\toks66
\glslongtok=\toks67

(C:\Users\LandryNDZESSA\AppData\Local\Programs\MiKTeX\tex/latex/glossaries/styl
es\glossary-hypernav.sty
Package: glossary-hypernav 2026/04/21 v5.1 (NLCT)
)
(C:\Users\LandryNDZESSA\AppData\Local\Programs\MiKTeX\tex/latex/glossaries/styl
es\glossary-list.sty
Package: glossary-list 2026/04/21 v5.1 (NLCT)
\glslistdottedwidth=\skip122
)
(C:\Users\LandryNDZESSA\AppData\Local\Programs\MiKTeX\tex/latex/glossaries/styl
es\glossary-long.sty
Package: glossary-long 2026/04/21 v5.1 (NLCT)
\glsdescwidth=\skip123
\glspagelistwidth=\skip124
)
(C:\Users\LandryNDZESSA\AppData\Local\Programs\MiKTeX\tex/latex/glossaries/styl
es\glossary-super.sty
Package: glossary-super 2026/04/21 v5.1 (NLCT)

(C:\Users\LandryNDZESSA\AppData\Local\Programs\MiKTeX\tex/latex/supertabular\su
pertabular.sty
Package: supertabular 2025/06/26 v4.2d the supertabular environment
\c@tracingst=\count446
\ST@wd=\dimen371
\ST@rightskip=\skip125
\ST@leftskip=\skip126
\ST@parfillskip=\skip127
\ST@pageleft=\dimen372
\ST@headht=\dimen373
\ST@tailht=\dimen374
\ST@pagesofar=\dimen375
\ST@pboxht=\dimen376
\ST@rowht=\dimen377
\ST@prevht=\dimen378
\ST@toadd=\dimen379
\ST@dimen=\dimen380
\ST@pbox=\box123
))
(C:\Users\LandryNDZESSA\AppData\Local\Programs\MiKTeX\tex/latex/glossaries/styl
es\glossary-tree.sty
Package: glossary-tree 2026/04/21 v5.1 (NLCT)
\l__glossaries_tree_max_known_level_int=\count447
\l__glossaries_tree_offset_dim=\dimen381
\l__glossaries_tree_namewidth_dim=\dimen382
\l__glossaries_tree_symbolwidth_dim=\dimen383
\l__glossaries_tree_prenamesym_width_dim=\dimen384
\l__glossaries_tree_presubnamesym_width_dim=\dimen385
\l__glossaries_tree_namewidth_padding_dim=\dimen386
\l__glossaries_tree_symbolwidth_padding_dim=\dimen387
\l__glossaries_tree_namesymbolwidth_dim=\dimen388
\l__glossaries_tree_namesymbolwidth_padding_dim=\dimen389
\l__glossaries_tree_level_int=\count448
\glstreeindent=\skip128
))
\glswrite=\write4
\glo@main@file=\write5
\openout5 = `memoireNdzessaAvele.glo'.

Package glossaries Info: Writing glossary file memoireNdzessaAvele.glo on input
 line 239.
\glo@acronym@file=\write6
\openout6 = `memoireNdzessaAvele.acn'.

Package glossaries Info: Writing glossary file memoireNdzessaAvele.acn on input
 line 239.


Package french3.ldf Warning: Please load the "natbib" package
(french3.ldf)                BEFORE babel/french; reported on input line 280.

Package csquotes Info: Checking for multilingual support...
Package csquotes Info: ... found 'babel' package.
Package csquotes Info: Adjusting default style.
Package csquotes Info: Redefining alias 'default' -> 'french'.
LaTeX Font Info:    Trying to load font information for T1+ntxtlf on input line
 280.

(C:\Users\LandryNDZESSA\AppData\Local\Programs\MiKTeX\tex/latex/newtx\t1ntxtlf.
fd
File: t1ntxtlf.fd 2021/05/24 v1.1 font definition file for T1/ntx/tlf
)
LaTeX Font Info:    Font shape `T1/ntxtlf/m/n' will be
(Font)              scaled to size 12.0pt on input line 280.
 (memoireNdzessaAvele.aux
Package babel Info: 'french' activates 'french' shorthands.
(babel)             Reported on input line 20.


LaTeX Warning: Label `fig:mon_label' multiply defined.


LaTeX Warning: Label `sec:etat_art' multiply defined.


LaTeX Warning: Label `fig:admin' multiply defined.

)
\openout1 = `memoireNdzessaAvele.aux'.

LaTeX Font Info:    Checking defaults for OML/ntxmi/m/it on input line 280.
LaTeX Font Info:    Trying to load font information for OML+ntxmi on input line
 280.

(C:\Users\LandryNDZESSA\AppData\Local\Programs\MiKTeX\tex/latex/newtx\omlntxmi.
fd
File: omlntxmi.fd 2015/08/25 Fontinst v1.933 font definitions for OML/ntxmi.
)
LaTeX Font Info:    ... okay on input line 280.
LaTeX Font Info:    Checking defaults for OMS/cmsy/m/n on input line 280.
LaTeX Font Info:    ... okay on input line 280.
LaTeX Font Info:    Checking defaults for OT1/cmr/m/n on input line 280.
LaTeX Font Info:    ... okay on input line 280.
LaTeX Font Info:    Checking defaults for T1/cmr/m/n on input line 280.
LaTeX Font Info:    ... okay on input line 280.
LaTeX Font Info:    Checking defaults for TS1/cmr/m/n on input line 280.
LaTeX Font Info:    ... okay on input line 280.
LaTeX Font Info:    Checking defaults for OMX/cmex/m/n on input line 280.
LaTeX Font Info:    ... okay on input line 280.
LaTeX Font Info:    Checking defaults for U/ntxexa/m/n on input line 280.
LaTeX Font Info:    Trying to load font information for U+ntxexa on input line 
280.

(C:\Users\LandryNDZESSA\AppData\Local\Programs\MiKTeX\tex/latex/newtx\untxexa.f
d
File: untxexa.fd 2012/04/16 Fontinst v1.933 font definitions for U/ntxexa.
)
LaTeX Font Info:    ... okay on input line 280.
LaTeX Font Info:    Checking defaults for LMS/ntxsy/m/n on input line 280.
LaTeX Font Info:    Trying to load font information for LMS+ntxsy on input line
 280.

(C:\Users\LandryNDZESSA\AppData\Local\Programs\MiKTeX\tex/latex/newtx\lmsntxsy.
fd
File: lmsntxsy.fd 2016/07/02 Fontinst v1.933 font definitions for LMS/ntxsy.
)
LaTeX Font Info:    ... okay on input line 280.
LaTeX Font Info:    Checking defaults for LMX/ntxexx/m/n on input line 280.
LaTeX Font Info:    Trying to load font information for LMX+ntxexx on input lin
e 280.

(C:\Users\LandryNDZESSA\AppData\Local\Programs\MiKTeX\tex/latex/newtx\lmxntxexx
.fd
File: lmxntxexx.fd 2016/07/03 Fontinst v1.933 font definitions for LMX/ntxexx.
)
LaTeX Font Info:    ... okay on input line 280.
LaTeX Font Info:    Checking defaults for PD1/pdf/m/n on input line 280.
LaTeX Font Info:    ... okay on input line 280.
LaTeX Font Info:    Checking defaults for PU/pdf/m/n on input line 280.
LaTeX Font Info:    ... okay on input line 280.
LaTeX Info: Redefining \degres on input line 280.

(C:\Users\LandryNDZESSA\AppData\Local\Programs\MiKTeX\tex/latex/translations/di
cts\translations-basic-dictionary-french.trsl
File: translations-basic-dictionary-french.trsl (french translation file `trans
lations-basic-dictionary')
)
Package translations Info: loading dictionary `translations-basic-dictionary' f
or `french'. on input line 280.
Package caption Info: Begin \AtBeginDocument code.
Package caption Info: hyperref package is loaded.
Package caption Info: listings package is loaded.
Package caption Info: longtable package is loaded.

(C:\Users\LandryNDZESSA\AppData\Local\Programs\MiKTeX\tex/latex/caption\ltcapti
on.sty
Package: ltcaption 2021/01/08 v1.4c longtable captions (AR)
)
Package caption Info: supertabular package is loaded.
Package caption Info: wrapfig package is loaded.
Package caption Info: End \AtBeginDocument code.

(C:\Users\LandryNDZESSA\AppData\Local\Programs\MiKTeX\tex/context/base/mkii\sup
p-pdf.mkii
[Loading MPS to PDF converter (version 2006.09.02).]
\scratchcounter=\count449
\scratchdimen=\dimen390
\scratchbox=\box124
\nofMPsegments=\count450
\nofMParguments=\count451
\everyMPshowfont=\toks68
\MPscratchCnt=\count452
\MPscratchDim=\dimen391
\MPnumerator=\count453
\makeMPintoPDFobject=\count454
\everyMPtoPDFconversion=\toks69
)
(C:\Users\LandryNDZESSA\AppData\Local\Programs\MiKTeX\tex/latex/epstopdf-pkg\ep
stopdf-base.sty
Package: epstopdf-base 2020-01-24 v2.11 Base part for package epstopdf
Package epstopdf-base Info: Redefining graphics rule for `.eps' on input line 4
85.

(C:\Users\LandryNDZESSA\AppData\Local\Programs\MiKTeX\tex/latex/00miktex\epstop
df-sys.cfg
File: epstopdf-sys.cfg 2021/03/18 v2.0 Configuration of epstopdf for MiKTeX
))
\c@mv@tabular=\count455
\c@mv@boldtabular=\count456
LaTeX Info: Command `\dddot' is already robust on input line 280.
LaTeX Info: Command `\ddddot' is already robust on input line 280.
LaTeX Info: Redefining \microtypecontext on input line 280.
Package microtype Info: Applying patch `item' on input line 280.
Package microtype Info: Applying patch `toc' on input line 280.
Package microtype Info: Applying patch `eqnum' on input line 280.
Package microtype Info: Applying patch `footnote' on input line 280.
Package microtype Info: Applying patch `verbatim' on input line 280.
LaTeX Info: Redefining \microtypesetup on input line 280.
Package microtype Info: Generating PDF output.
Package microtype Info: Character protrusion enabled (level 2).
Package microtype Info: Using default protrusion set `alltext'.
Package microtype Info: Automatic font expansion enabled (level 2),
(microtype)             stretch: 20, shrink: 20, step: 1, non-selected.
Package microtype Info: Using default expansion set `alltext-nott'.
Package microtype Info: Patching command `\showhyphens'.
Package microtype Info: No adjustment of tracking.
Package microtype Info: No adjustment of interword spacing.
Package microtype Info: No adjustment of character kerning.

(C:\Users\LandryNDZESSA\AppData\Local\Programs\MiKTeX\tex/latex/microtype\mt-pt
m.cfg
File: mt-ptm.cfg 2006/04/20 v1.7 microtype config. file: Times (RS)
)
*geometry* driver: auto-detecting
*geometry* detected driver: pdftex
*geometry* verbose mode - [ preamble ] result:
* driver: pdftex
* paper: a4paper
* layout: <same size as paper>
* layoutoffset:(h,v)=(0.0pt,0.0pt)
* modes: 
* h-part:(L,W,R)=(85.35826pt, 441.01773pt, 71.13188pt)
* v-part:(T,H,B)=(71.13188pt, 702.78308pt, 71.13188pt)
* \paperwidth=597.50787pt
* \paperheight=845.04684pt
* \textwidth=441.01773pt
* \textheight=702.78308pt
* \oddsidemargin=13.08827pt
* \evensidemargin=13.08827pt
* \topmargin=-54.1381pt
* \headheight=28.0pt
* \headsep=25.0pt
* \topskip=12.0pt
* \footskip=30.0pt
* \marginparwidth=35.0pt
* \marginparsep=10.0pt
* \columnsep=10.0pt
* \skip\footins=10.8pt plus 4.0pt minus 2.0pt
* \hoffset=0.0pt
* \voffset=0.0pt
* \mag=1000
* \@twocolumnfalse
* \@twosidefalse
* \@mparswitchfalse
* \@reversemarginfalse
* (1in=72.27pt=25.4mm, 1cm=28.453pt)

\c@lstlisting=\count457
Package hyperref Info: Link coloring ON on input line 280.
(memoireNdzessaAvele.out) (memoireNdzessaAvele.out)
\@outlinefile=\write7
\openout7 = `memoireNdzessaAvele.out'.

*geometry* verbose mode - [ newgeometry ] result:
* driver: pdftex
* paper: a4paper
* layout: <same size as paper>
* layoutoffset:(h,v)=(0.0pt,0.0pt)
* modes: 
* h-part:(L,W,R)=(71.13188pt, 455.24411pt, 71.13188pt)
* v-part:(T,H,B)=(42.67912pt, 759.6886pt, 42.67912pt)
* \paperwidth=597.50787pt
* \paperheight=845.04684pt
* \textwidth=455.24411pt
* \textheight=759.6886pt
* \oddsidemargin=-1.1381pt
* \evensidemargin=-1.1381pt
* \topmargin=-82.59087pt
* \headheight=28.0pt
* \headsep=25.0pt
* \topskip=12.0pt
* \footskip=30.0pt
* \marginparwidth=35.0pt
* \marginparsep=10.0pt
* \columnsep=10.0pt
* \skip\footins=10.8pt plus 4.0pt minus 2.0pt
* \hoffset=0.0pt
* \voffset=0.0pt
* \mag=1000
* \@twocolumnfalse
* \@twosidefalse
* \@mparswitchfalse
* \@reversemarginfalse
* (1in=72.27pt=25.4mm, 1cm=28.453pt)


(C:\Users\LandryNDZESSA\AppData\Local\Programs\MiKTeX\tex/latex/lm\ot1lmr.fd)
(C:\Users\LandryNDZESSA\AppData\Local\Programs\MiKTeX\tex/latex/microtype\mt-cm
r.cfg)
(C:\Users\LandryNDZESSA\AppData\Local\Programs\MiKTeX\tex/latex/lm\omllmm.fd)
(C:\Users\LandryNDZESSA\AppData\Local\Programs\MiKTeX\tex/latex/lm\omslmsy.fd)
(C:\Users\LandryNDZESSA\AppData\Local\Programs\MiKTeX\tex/latex/lm\omxlmex.fd)
(C:\Users\LandryNDZESSA\AppData\Local\Programs\MiKTeX\tex/latex/newtx\untxmia.f
d)
(C:\Users\LandryNDZESSA\AppData\Local\Programs\MiKTeX\tex/latex/newtx\untxsym.f
d)
(C:\Users\LandryNDZESSA\AppData\Local\Programs\MiKTeX\tex/latex/newtx\untxsyc.f
d)
Missing character: There is no π in font lmsy10!

Overfull \vbox (77.92691pt too high) detected at line 321
 []


Overfull \vbox (35.14299pt too high) detected at line 321
 []


Overfull \vbox (94.80447pt too high) detected at line 321
 []


Overfull \vbox (77.92691pt too high) detected at line 321
 []


Overfull \vbox (35.14299pt too high) detected at line 321
 []


Overfull \vbox (94.80447pt too high) detected at line 321
 []


Overfull \vbox (77.92691pt too high) detected at line 321
 []

File: LogoUMA.png Graphic file (type png)
<use LogoUMA.png>
Package pdftex.def Info: LogoUMA.png  used on input line 321.
(pdftex.def)             Requested size: 48.91344pt x 71.13188pt.

Overfull \vbox (35.14299pt too high) detected at line 321
 []


Overfull \vbox (94.80447pt too high) detected at line 321
 []


Overfull \vbox (27.8222pt too high) detected at line 349
 []


Overfull \vbox (14.91682pt too high) detected at line 349
 []


Overfull \vbox (27.8222pt too high) detected at line 349
 []


Overfull \vbox (27.8222pt too high) detected at line 349
 []


Overfull \vbox (14.91682pt too high) detected at line 349
 []


Overfull \vbox (27.8222pt too high) detected at line 349
 []

File: LogoENSPM.jpeg Graphic file (type jpg)
<use LogoENSPM.jpeg>
Package pdftex.def Info: LogoENSPM.jpeg  used on input line 349.
(pdftex.def)             Requested size: 51.2068pt x 51.21504pt.

Overfull \vbox (27.8222pt too high) detected at line 349
 []


Overfull \vbox (14.91682pt too high) detected at line 349
 []

File: minepat.png Graphic file (type png)
<use minepat.png>
Package pdftex.def Info: minepat.png  used on input line 349.
(pdftex.def)             Requested size: 47.05602pt x 51.21504pt.

Overfull \vbox (27.8222pt too high) detected at line 349
 []

LaTeX Font Info:    Font shape `T1/ntxtlf/m/n' will be
(Font)              scaled to size 14.4pt on input line 362.
[1

\openout4 = `memoireNdzessaAvele.ist'.


{C:/Users/LandryNDZESSA/AppData/Local/MiKTeX/fonts/map/pdftex/pdftex.map}{C:/Us
ers/LandryNDZESSA/AppData/Local/Programs/MiKTeX/fonts/enc/dvips/newtx/ntx-ec-tl
f.enc} <./LogoUMA.png> <./LogoENSPM.jpeg> <./minepat.png>]
LaTeX Font Info:    Font shape `T1/ntxtlf/b/n' will be
(Font)              scaled to size 24.88pt on input line 416.
LaTeX Font Info:    Font shape `T1/ntxtlf/m/it' will be
(Font)              scaled to size 12.0pt on input line 423.
LaTeX Font Info:    Font shape `T1/ntxtlf/m/it' will be
(Font)              scaled to size 14.4pt on input line 423.
 [1


] [2

]
(memoireNdzessaAvele.toc [3

]
LaTeX Font Info:    Font shape `T1/ntxtlf/b/it' will be
(Font)              scaled to size 12.0pt on input line 49.
)
\tf@toc=\write8
\openout8 = `memoireNdzessaAvele.toc'.

 (memoireNdzessaAvele.acr
LaTeX Font Info:    Font shape `T1/ntxtlf/m/it' will be
(Font)              scaled to size 10.95pt on input line 1.
Package babel Info: 'french' activates 'french' shorthands.
(babel)             Reported on input line 1.
 [4]) [5


] [6

{C:/Users/LandryNDZESSA/AppData/Local/Programs/MiKTeX/fonts/enc/dvips/lm/lm-rm.
enc}{C:/Users/LandryNDZESSA/AppData/Local/Programs/MiKTeX/fonts/enc/dvips/lm/lm
-mathit.enc}] [7

] (memoireNdzessaAvele.lot
LaTeX Font Info:    Trying to load font information for T1+lmtt on input line 7
.

(C:\Users\LandryNDZESSA\AppData\Local\Programs\MiKTeX\tex/latex/lm\t1lmtt.fd
File: t1lmtt.fd 2015/05/01 v1.6.1 Font defs for Latin Modern
)
Package microtype Info: Loading generic protrusion settings for font family
(microtype)             `lmtt' (encoding: T1).
(microtype)             For optimal results, create family-specific settings.
(microtype)             See the microtype manual for details.
)
\tf@lot=\write9
\openout9 = `memoireNdzessaAvele.lot'.


[8

{C:/Users/LandryNDZESSA/AppData/Local/Programs/MiKTeX/fonts/enc/dvips/lm/lm-ec.
enc}] (memoireNdzessaAvele.lof [9

])
\tf@lof=\write10
\openout10 = `memoireNdzessaAvele.lof'.


pdfTeX warning (ext4): destination with the same identifier (name{page.1}) has 
been already used, duplicate ignored
<to be read again> 
                   \relax 
l.503 	\chapter
               *{Introduction G√©n√©rale} [1] [2

] [3]
Chapitre 1.
LaTeX Font Info:    Font shape `T1/ntxtlf/b/n' will be
(Font)              scaled to size 17.28pt on input line 521.
LaTeX Font Info:    Trying to load font information for TS1+ntxtlf on input lin
e 535.

(C:\Users\LandryNDZESSA\AppData\Local\Programs\MiKTeX\tex/latex/newtx\ts1ntxtlf
.fd
File: ts1ntxtlf.fd 2015/01/18 v1.0 fd file for TS1/ntxtlf
)
LaTeX Font Info:    Font shape `TS1/ntxtlf/m/n' will be
(Font)              scaled to size 12.0pt on input line 535.


Package hyperref Warning: Token not allowed in a PDF string (Unicode):
(hyperref)                removing `\gls' on input line 545.

[4

{C:/Users/LandryNDZESSA/AppData/Local/Programs/MiKTeX/fonts/enc/dvips/tex-gyre/
q-ts1.enc}] [5] [6]

Package hyperref Warning: Token not allowed in a PDF string (Unicode):
(hyperref)                removing `\gls' on input line 696.

[7]
<Organigramme4.jpg, id=588, 369.7815pt x 298.716pt>
File: Organigramme4.jpg Graphic file (type jpg)
<use Organigramme4.jpg>
Package pdftex.def Info: Organigramme4.jpg  used on input line 720.
(pdftex.def)             Requested size: 352.81552pt x 285.03203pt.
LaTeX Font Info:    Font shape `T1/ntxtlf/m/sc' will be
(Font)              scaled to size 12.0pt on input line 721.
Package microtype Info: Character `029' is missing
(microtype)             in font `T1/ntxtlf/m/sc/12'.
(microtype)             Ignoring protrusion settings for this character.
LaTeX Font Info:    Font shape `T1/ntxtlf/b/n' will be
(Font)              scaled to size 10.95pt on input line 721.
LaTeX Font Info:    Font shape `T1/ntxtlf/b/sc' will be
(Font)              scaled to size 10.95pt on input line 721.
Package microtype Info: Character `029' is missing
(microtype)             in font `T1/ntxtlf/b/sc/10.95'.
(microtype)             Ignoring protrusion settings for this character.
LaTeX Font Info:    External font `lmex10' loaded for size
(Font)              <10.95> on input line 721.
LaTeX Font Info:    External font `lmex10' loaded for size
(Font)              <8> on input line 721.
LaTeX Font Info:    External font `lmex10' loaded for size
(Font)              <6.1> on input line 721.
LaTeX Font Info:    Font shape `U/ntxmia/m/it' will be
(Font)              scaled to size 10.95pt on input line 721.
LaTeX Font Info:    Font shape `U/ntxmia/m/it' will be
(Font)              scaled to size 8.0pt on input line 721.
LaTeX Font Info:    Font shape `U/ntxmia/m/it' will be
(Font)              scaled to size 6.1pt on input line 721.
LaTeX Font Info:    Font shape `U/ntxsym/m/n' will be
(Font)              scaled to size 10.95pt on input line 721.
LaTeX Font Info:    Font shape `U/ntxsym/m/n' will be
(Font)              scaled to size 8.0pt on input line 721.
LaTeX Font Info:    Font shape `U/ntxsym/m/n' will be
(Font)              scaled to size 6.1pt on input line 721.
LaTeX Font Info:    Font shape `U/ntxsyc/m/n' will be
(Font)              scaled to size 10.95pt on input line 721.
LaTeX Font Info:    Font shape `U/ntxsyc/m/n' will be
(Font)              scaled to size 8.0pt on input line 721.
LaTeX Font Info:    Font shape `U/ntxsyc/m/n' will be
(Font)              scaled to size 6.1pt on input line 721.
LaTeX Font Info:    Font shape `U/ntxexa/m/n' will be
(Font)              scaled to size 10.95pt on input line 721.
LaTeX Font Info:    Font shape `U/ntxexa/m/n' will be
(Font)              scaled to size 8.0pt on input line 721.
LaTeX Font Info:    Font shape `U/ntxexa/m/n' will be
(Font)              scaled to size 6.1pt on input line 721.

Missing character: There is no π in font lmsy10!
LaTeX Font Info:    Font shape `T1/ntxtlf/m/n' will be
(Font)              scaled to size 8.0pt on input line 721.
LaTeX Font Info:    Font shape `T1/ntxtlf/m/n' will be
(Font)              scaled to size 10.0pt on input line 724.
[8{C:/Users/LandryNDZESSA/AppData/Local/Programs/MiKTeX/fonts/enc/dvips/newtx/n
tx-ec-tlf-pc.enc} <./Organigramme4.jpg>]
Underfull \hbox (badness 10000) in paragraph at lines 728--730

 []


Underfull \hbox (badness 10000) in paragraph at lines 731--732

 []


Underfull \hbox (badness 10000) in paragraph at lines 733--734

 []

[9]
Underfull \hbox (badness 10000) in paragraph at lines 740--741

 []


Underfull \hbox (badness 10000) in paragraph at lines 742--743

 []


Underfull \hbox (badness 10000) in paragraph at lines 744--745

 []

[10] [11]
Missing character: There is no π in font lmsy10!
[12] [13]
<methodeAgile.jpeg, id=658, 675.52374pt x 371.3875pt>
File: methodeAgile.jpeg Graphic file (type jpg)
<use methodeAgile.jpeg>
Package pdftex.def Info: methodeAgile.jpeg  used on input line 917.
(pdftex.def)             Requested size: 352.81552pt x 193.97264pt.

Missing character: There is no π in font lmsy10!
[14] [15 <./methodeAgile.jpeg>]
Chapitre 2.
[16

] [17] [18]
Underfull \hbox (badness 10000) in paragraph at lines 996--997

 []

[19]
Underfull \hbox (badness 10000) in paragraph at lines 999--1000

 []

<enqueteGecam.png, id=707, 450.18187pt x 403.5075pt>
File: enqueteGecam.png Graphic file (type png)
<use enqueteGecam.png>
Package pdftex.def Info: enqueteGecam.png  used on input line 1003.
(pdftex.def)             Requested size: 352.81552pt x 316.2492pt.

Underfull \hbox (badness 10000) in paragraph at lines 1009--1010

 []

[20 <./enqueteGecam.png>]
Underfull \hbox (badness 10000) in paragraph at lines 1012--1013

 []


Underfull \hbox (badness 10000) in paragraph at lines 1015--1016

 []

[21]
<zoneRecensement.png, id=722, 400.49625pt x 551.05875pt>
File: zoneRecensement.png Graphic file (type png)
<use zoneRecensement.png>
Package pdftex.def Info: zoneRecensement.png  used on input line 1019.
(pdftex.def)             Requested size: 352.81552pt x 485.47974pt.
LaTeX Font Info:    External font `lmex10' loaded for size
(Font)              <10> on input line 1023.
LaTeX Font Info:    External font `lmex10' loaded for size
(Font)              <7.3> on input line 1023.
LaTeX Font Info:    External font `lmex10' loaded for size
(Font)              <5.5> on input line 1023.
LaTeX Font Info:    Font shape `U/ntxmia/m/it' will be
(Font)              scaled to size 10.0pt on input line 1023.
LaTeX Font Info:    Font shape `U/ntxmia/m/it' will be
(Font)              scaled to size 7.3pt on input line 1023.
LaTeX Font Info:    Font shape `U/ntxmia/m/it' will be
(Font)              scaled to size 5.5pt on input line 1023.
LaTeX Font Info:    Font shape `U/ntxsym/m/n' will be
(Font)              scaled to size 10.0pt on input line 1023.
LaTeX Font Info:    Font shape `U/ntxsym/m/n' will be
(Font)              scaled to size 7.3pt on input line 1023.
LaTeX Font Info:    Font shape `U/ntxsym/m/n' will be
(Font)              scaled to size 5.5pt on input line 1023.
LaTeX Font Info:    Font shape `U/ntxsyc/m/n' will be
(Font)              scaled to size 10.0pt on input line 1023.
LaTeX Font Info:    Font shape `U/ntxsyc/m/n' will be
(Font)              scaled to size 7.3pt on input line 1023.
LaTeX Font Info:    Font shape `U/ntxsyc/m/n' will be
(Font)              scaled to size 5.5pt on input line 1023.
LaTeX Font Info:    Font shape `U/ntxexa/m/n' will be
(Font)              scaled to size 10.0pt on input line 1023.
LaTeX Font Info:    Font shape `U/ntxexa/m/n' will be
(Font)              scaled to size 7.3pt on input line 1023.
LaTeX Font Info:    Font shape `U/ntxexa/m/n' will be
(Font)              scaled to size 5.5pt on input line 1023.

Missing character: There is no π in font lmsy10!
LaTeX Font Info:    Font shape `T1/ntxtlf/m/n' will be
(Font)              scaled to size 7.3pt on input line 1023.
LaTeX Font Info:    Font shape `T1/ntxtlf/m/n' will be
(Font)              scaled to size 5.5pt on input line 1023.
[22] [23 <./zoneRecensement.png>] [24] [25]
Chapitre 3.
LaTeX Font Info:    Font shape `T1/ntxtlf/b/it' will be
(Font)              scaled to size 24.88pt on input line 1122.
[26

]
Missing character: There is no π in font lmsy10!
[27] [28] [29]
<UseCase1.png, id=788, 435.12563pt x 398.99063pt>
File: UseCase1.png Graphic file (type png)
<use UseCase1.png>
Package pdftex.def Info: UseCase1.png  used on input line 1436.
(pdftex.def)             Requested size: 374.86775pt x 343.7584pt.
 [30]
<UseCase2.png, id=794, 429.10312pt x 330.23375pt>
File: UseCase2.png Graphic file (type png)
<use UseCase2.png>
Package pdftex.def Info: UseCase2.png  used on input line 1443.
(pdftex.def)             Requested size: 374.86775pt x 288.49525pt.
 [31 <./UseCase1.png>] [32 <./UseCase2.png>] [33]
Chapitre 4.
[34

]
Overfull \hbox (27.72952pt too wide) in paragraph at lines 1647--1647
[]|\T1/lmtt/m/n/12 autre_statut_juridique|  
 []


Overfull \hbox (9.20451pt too wide) in paragraph at lines 1647--1647
[]|\T1/lmtt/m/n/12 date_debut_activite|  
 []

[35]
Overfull \vbox (8.38058pt too high) has occurred while \output is active []


[36]
Overfull \hbox (15.37952pt too wide) in paragraph at lines 1698--1698
[]|\T1/lmtt/m/n/12 plateforme_existante|  
 []


Underfull \hbox (badness 10000) in paragraph at lines 1708--1709

 []


Underfull \hbox (badness 10000) in paragraph at lines 1712--1713

 []

[37]
Underfull \hbox (badness 10000) in paragraph at lines 1714--1716

 []


Underfull \hbox (badness 10000) in paragraph at lines 1720--1721

 []

[38]
Underfull \hbox (badness 10000) in paragraph at lines 1732--1733

 []


Underfull \hbox (badness 10000) in paragraph at lines 1734--1735

 []

[39]
Underfull \hbox (badness 10000) in paragraph at lines 1739--1740

 []


Underfull \hbox (badness 10000) in paragraph at lines 1741--1742

 []


Underfull \hbox (badness 10000) in paragraph at lines 1743--1744

 []

[40]
Missing character: There is no Õ in font lmex10!
LaTeX Font Info:    Font shape `T1/ntxtlf/m/n' will be
(Font)              scaled to size 8.8pt on input line 1780.
LaTeX Font Info:    Font shape `T1/ntxtlf/m/n' will be
(Font)              scaled to size 6.6pt on input line 1780.
Missing character: There is no π in font lmsy9!
Missing character: There is no ∫ in font lmsy9!
[41{C:/Users/LandryNDZESSA/AppData/Local/Programs/MiKTeX/fonts/enc/dvips/lm/lm-
mathsy.enc}{C:/Users/LandryNDZESSA/AppData/Local/Programs/MiKTeX/fonts/enc/dvip
s/lm/lm-mathex.enc}]
Missing character: There is no Õ in font lmex10!
Missing character: There is no Õ in font lmex10!
Missing character: There is no π in font lmsy10!
Missing character: There is no ∫ in font lmsy10!
Missing character: There is no Õ in font lmex10!

Underfull \hbox (badness 10000) in paragraph at lines 1864--1865

 []


Underfull \hbox (badness 10000) in paragraph at lines 1866--1867

 []

[42]
Underfull \hbox (badness 10000) in paragraph at lines 1868--1869

 []

Missing character: There is no π in font lmsy10!
Missing character: There is no ∫ in font lmsy10!
Missing character: There is no Õ in font lmex10!
Missing character: There is no π in font lmsy10!
Missing character: There is no ∫ in font lmsy10!
Missing character: There is no œ in font lmsy10!
Missing character: There is no π in font lmsy10!
Missing character: There is no ∫ in font lmsy10!
[43]
Missing character: There is no œ in font lmsy10!
LaTeX Font Info:    Font shape `U/ntxmia/b/it' will be
(Font)              scaled to size 12.0pt on input line 1924.
LaTeX Font Info:    Font shape `U/ntxmia/b/it' will be
(Font)              scaled to size 8.8pt on input line 1924.
LaTeX Font Info:    Font shape `U/ntxmia/b/it' will be
(Font)              scaled to size 6.6pt on input line 1924.
LaTeX Font Info:    Font shape `U/ntxsym/b/n' will be
(Font)              scaled to size 12.0pt on input line 1924.
LaTeX Font Info:    Font shape `U/ntxsym/b/n' will be
(Font)              scaled to size 8.8pt on input line 1924.
LaTeX Font Info:    Font shape `U/ntxsym/b/n' will be
(Font)              scaled to size 6.6pt on input line 1924.
LaTeX Font Info:    Font shape `U/ntxsyc/b/n' will be
(Font)              scaled to size 12.0pt on input line 1924.
LaTeX Font Info:    Font shape `U/ntxsyc/b/n' will be
(Font)              scaled to size 8.8pt on input line 1924.
LaTeX Font Info:    Font shape `U/ntxsyc/b/n' will be
(Font)              scaled to size 6.6pt on input line 1924.
LaTeX Font Info:    Font shape `U/ntxexa/b/n' will be
(Font)              scaled to size 12.0pt on input line 1924.
LaTeX Font Info:    Font shape `U/ntxexa/b/n' will be
(Font)              scaled to size 8.8pt on input line 1924.
LaTeX Font Info:    Font shape `U/ntxexa/b/n' will be
(Font)              scaled to size 6.6pt on input line 1924.
Missing character: There is no π in font lmbsy10!
Missing character: There is no π in font lmsy10!
Missing character: There is no π in font lmbsy10!
Missing character: There is no π in font lmsy10!
Missing character: There is no Õ in font lmex10!
Missing character: There is no Õ in font lmex10!
Missing character: There is no π in font lmbsy10!
Missing character: There is no π in font lmsy10!
Missing character: There is no π in font lmbsy10!
Missing character: There is no π in font lmsy10!
Missing character: There is no π in font lmbsy10!
Missing character: There is no π in font lmsy10!
Missing character: There is no π in font lmbsy10!
Missing character: There is no π in font lmsy10!
Missing character: There is no Õ in font lmex10!
Missing character: There is no π in font lmbsy10!
Missing character: There is no π in font lmsy10!
Missing character: There is no π in font lmbsy10!
Missing character: There is no π in font lmsy10!
Missing character: There is no Õ in font lmex10!
Missing character: There is no Õ in font lmex10!
Missing character: There is no π in font lmbsy10!
Missing character: There is no π in font lmsy10!
Missing character: There is no π in font lmbsy10!
Missing character: There is no π in font lmsy10!
Missing character: There is no π in font lmbsy10!
Missing character: There is no π in font lmsy10!
Missing character: There is no π in font lmbsy10!
Missing character: There is no π in font lmsy10!
Missing character: There is no Õ in font lmex10!
Missing character: There is no π in font lmbsy10!
Missing character: There is no π in font lmsy10!
Missing character: There is no Õ in font lmex10!
Missing character: There is no π in font lmbsy10!
Missing character: There is no π in font lmsy10!
Missing character: There is no Õ in font lmex10!
Missing character: There is no π in font lmsy10!
Missing character: There is no ∫ in font lmsy10!
Missing character: There is no π in font lmsy10!
Missing character: There is no ∫ in font lmsy10!
[44]
Missing character: There is no Õ in font lmex10!
Missing character: There is no π in font lmsy9!
Missing character: There is no ∫ in font lmsy9!
Missing character: There is no π in font lmbsy10!
Missing character: There is no π in font lmsy10!
Missing character: There is no π in font lmsy10!
Missing character: There is no ∫ in font lmsy10!
Missing character: There is no π in font lmbsy10!
Missing character: There is no π in font lmsy10!
Missing character: There is no π in font lmsy10!
Missing character: There is no ∫ in font lmsy10!
Missing character: There is no ª in font lmsy10!
Missing character: There is no º in font lmsy10!
Missing character: There is no π in font lmsy10!
Missing character: There is no ∫ in font lmsy10!
Missing character: There is no π in font lmsy10!
Missing character: There is no ∫ in font lmsy10!
Missing character: There is no Õ in font lmex10!
Missing character: There is no π in font lmsy10!
Missing character: There is no ∫ in font lmsy10!
Missing character: There is no ù in font lmsy10!
Missing character: There is no π in font lmsy10!
Missing character: There is no ∫ in font lmsy10!
Missing character: There is no π in font lmbsy10!
Missing character: There is no π in font lmsy10!
Missing character: There is no π in font lmbsy10!
Missing character: There is no π in font lmsy10!
Missing character: There is no π in font lmbsy10!
Missing character: There is no π in font lmsy10!
Missing character: There is no π in font lmbsy10!
Missing character: There is no π in font lmsy10!
Missing character: There is no π in font lmbsy10!
Missing character: There is no π in font lmsy10!
Missing character: There is no π in font lmbsy10!
Missing character: There is no π in font lmsy10!
Missing character: There is no π in font lmsy10!
Missing character: There is no ∫ in font lmsy10!
Missing character: There is no π in font lmsy10!
Missing character: There is no ∫ in font lmsy10!
Missing character: There is no ù in font lmsy9!
Missing character: There is no ù in font lmsy9!
Missing character: There is no π in font lmsy10!
Missing character: There is no ∫ in font lmsy10!
Missing character: There is no π in font lmsy10!
Missing character: There is no ∫ in font lmsy10!
Missing character: There is no π in font lmbsy10!
Missing character: There is no π in font lmsy10!
Missing character: There is no π in font lmbsy10!
Missing character: There is no π in font lmsy10!
Missing character: There is no π in font lmbsy10!
Missing character: There is no π in font lmsy10!
Missing character: There is no π in font lmbsy10!
Missing character: There is no π in font lmsy10!
Missing character: There is no π in font lmbsy10!
Missing character: There is no π in font lmsy10!
Missing character: There is no π in font lmsy10!
Missing character: There is no ∫ in font lmsy10!
Missing character: There is no œ in font lmsy10!
Missing character: There is no π in font lmsy10!
Missing character: There is no ∫ in font lmsy10!
[45]
Missing character: There is no π in font lmsy10!
Missing character: There is no ∫ in font lmsy10!
Missing character: There is no π in font lmsy10!
Missing character: There is no ∫ in font lmsy10!
Missing character: There is no π in font lmbsy10!
Missing character: There is no π in font lmsy10!
Missing character: There is no π in font lmbsy10!
Missing character: There is no π in font lmsy10!
Missing character: There is no π in font lmbsy10!
Missing character: There is no π in font lmsy10!
Missing character: There is no π in font lmsy10!
Missing character: There is no ∫ in font lmsy10!
Missing character: There is no π in font lmsy10!
Missing character: There is no ∫ in font lmsy10!
Missing character: There is no π in font lmsy10!
Missing character: There is no ∫ in font lmsy10!
Missing character: There is no π in font lmsy10!
Missing character: There is no ∫ in font lmsy10!
Missing character: There is no π in font lmbsy10!
Missing character: There is no π in font lmsy10!
Missing character: There is no π in font lmsy10!
Missing character: There is no π in font lmbsy10!
Missing character: There is no π in font lmsy10!
Missing character: There is no Õ in font lmex10!
Missing character: There is no π in font lmsy10!
Missing character: There is no ∫ in font lmsy10!
[46]
<model1.png, id=919, 654.445pt x 453.695pt>
File: model1.png Graphic file (type png)
<use model1.png>
Package pdftex.def Info: model1.png  used on input line 2026.
(pdftex.def)             Requested size: 352.81552pt x 244.59012pt.
 [47 <./model1.png>] [48]
Chapitre 5.
[49

]
<statut.jpeg, id=939, 655.44875pt x 614.295pt>
File: statut.jpeg Graphic file (type jpg)
<use statut.jpeg>
Package pdftex.def Info: statut.jpeg  used on input line 2151.
(pdftex.def)             Requested size: 330.76329pt x 309.99625pt.
 [50] [51 <./statut.jpeg>]
<repartition_region.jpeg, id=949, 614.295pt x 614.295pt>
File: repartition_region.jpeg Graphic file (type jpg)
<use repartition_region.jpeg>
Package pdftex.def Info: repartition_region.jpeg  used on input line 2162.
(pdftex.def)             Requested size: 330.76329pt x 330.76764pt.
<repartition_taille.jpeg, id=950, 655.44875pt x 614.295pt>
File: repartition_taille.jpeg Graphic file (type jpg)
<use repartition_taille.jpeg>
Package pdftex.def Info: repartition_taille.jpeg  used on input line 2175.
(pdftex.def)             Requested size: 330.76329pt x 309.99625pt.
 [52 <./repartition_region.jpeg>]
<anciennete.jpeg, id=955, 614.295pt x 614.295pt>
File: anciennete.jpeg Graphic file (type jpg)
<use anciennete.jpeg>
Package pdftex.def Info: anciennete.jpeg  used on input line 2186.
(pdftex.def)             Requested size: 330.76329pt x 330.76764pt.
 [53 <./repartition_taille.jpeg>]
<repartition_activite.jpeg, id=960, 946.53625pt x 614.295pt>
File: repartition_activite.jpeg Graphic file (type jpg)
<use repartition_activite.jpeg>
Package pdftex.def Info: repartition_activite.jpeg  used on input line 2199.
(pdftex.def)             Requested size: 330.76329pt x 214.65965pt.
 [54 <./anciennete.jpeg>]
<besoinsCorriges.jpeg, id=965, 691.58376pt x 614.295pt>
File: besoinsCorriges.jpeg Graphic file (type jpg)
<use besoinsCorriges.jpeg>
Package pdftex.def Info: besoinsCorriges.jpeg  used on input line 2209.
(pdftex.def)             Requested size: 330.76329pt x 293.79906pt.
 [55 <./repartition_activite.jpeg>]
<carte_chaleur_besoins_statut_juridique.jpeg, id=971, 1284.8pt x 631.35875pt>
File: carte_chaleur_besoins_statut_juridique.jpeg Graphic file (type jpg)
<use carte_chaleur_besoins_statut_juridique.jpeg>
Package pdftex.def Info: carte_chaleur_besoins_statut_juridique.jpeg  used on i
nput line 2238.
(pdftex.def)             Requested size: 441.01773pt x 216.72075pt.

[56 <./besoinsCorriges.jpeg>]
Missing character: There is no π in font lmsy10!
Missing character: There is no π in font lmsy10!
<carte_chaleur_besoins_region.jpeg, id=976, 1284.8pt x 631.35875pt>
File: carte_chaleur_besoins_region.jpeg Graphic file (type jpg)
<use carte_chaleur_besoins_region.jpeg>
Package pdftex.def Info: carte_chaleur_besoins_region.jpeg  used on input line 
2294.
(pdftex.def)             Requested size: 441.01773pt x 216.72075pt.
[57 <./carte_chaleur_besoins_statut_juridique.jpeg>]
Missing character: There is no π in font lmsy10!
Missing character: There is no π in font lmsy10!
<carte_chaleur_besoins_anciennete.jpeg, id=984, 1284.8pt x 631.35875pt>
File: carte_chaleur_besoins_anciennete.jpeg Graphic file (type jpg)
<use carte_chaleur_besoins_anciennete.jpeg>
Package pdftex.def Info: carte_chaleur_besoins_anciennete.jpeg  used on input l
ine 2347.
(pdftex.def)             Requested size: 441.01773pt x 216.72075pt.
[58 <./carte_chaleur_besoins_region.jpeg>]
Missing character: There is no π in font lmsy10!
Missing character: There is no π in font lmsy10!
<carte_chaleur_besoins_secteurs_activite.jpeg, id=989, 1284.8pt x 631.35875pt>
File: carte_chaleur_besoins_secteurs_activite.jpeg Graphic file (type jpg)
<use carte_chaleur_besoins_secteurs_activite.jpeg>
Package pdftex.def Info: carte_chaleur_besoins_secteurs_activite.jpeg  used on 
input line 2399.
(pdftex.def)             Requested size: 441.01773pt x 216.72075pt.
[59 <./carte_chaleur_besoins_anciennete.jpeg>]
Missing character: There is no π in font lmsy10!
Missing character: There is no π in font lmsy10!
[60 <./carte_chaleur_besoins_secteurs_activite.jpeg>]
<carte_chaleur_besoins_taille_entreprise.jpeg, id=998, 1284.8pt x 631.35875pt>
File: carte_chaleur_besoins_taille_entreprise.jpeg Graphic file (type jpg)
<use carte_chaleur_besoins_taille_entreprise.jpeg>
Package pdftex.def Info: carte_chaleur_besoins_taille_entreprise.jpeg  used on 
input line 2454.
(pdftex.def)             Requested size: 441.01773pt x 216.72075pt.

Missing character: There is no π in font lmsy10!
Missing character: There is no π in font lmsy10!
[61 <./carte_chaleur_besoins_taille_entreprise.jpeg>]
<contributionValeursPropres.jpeg, id=1003, 1284.8pt x 631.35875pt>
File: contributionValeursPropres.jpeg Graphic file (type jpg)
<use contributionValeursPropres.jpeg>
Package pdftex.def Info: contributionValeursPropres.jpeg  used on input line 25
67.
(pdftex.def)             Requested size: 330.76329pt x 162.54056pt.
 [62]
<projectionDesCategories.jpeg, id=1008, 1284.8pt x 631.35875pt>
File: projectionDesCategories.jpeg Graphic file (type jpg)
<use projectionDesCategories.jpeg>
Package pdftex.def Info: projectionDesCategories.jpeg  used on input line 2586.

(pdftex.def)             Requested size: 441.01773pt x 216.72075pt.
 [63 <./contributionValeursPropres.jpeg> <./projectionDesCategories.jpeg>]
<contributionCategoriesAlAxe1.jpeg, id=1015, 1284.8pt x 631.35875pt>
File: contributionCategoriesAlAxe1.jpeg Graphic file (type jpg)
<use contributionCategoriesAlAxe1.jpeg>
Package pdftex.def Info: contributionCategoriesAlAxe1.jpeg  used on input line 
2604.
(pdftex.def)             Requested size: 211.68661pt x 104.01555pt.
<contributionCategorieALAxe2.jpeg, id=1016, 1284.8pt x 631.35875pt>
File: contributionCategorieALAxe2.jpeg Graphic file (type jpg)
<use contributionCategorieALAxe2.jpeg>
Package pdftex.def Info: contributionCategorieALAxe2.jpeg  used on input line 2
611.
(pdftex.def)             Requested size: 211.68661pt x 104.01555pt.

Overfull \hbox (17.82083pt too wide) in paragraph at lines 2617--2636
\T1/lmtt/m/n/12 besoin_transport_Non\T1/ntxtlf/m/n/12 (-20) , \T1/lmtt/m/n/12 b
esoin_innovation_recherche_Oui\T1/ntxtlf/m/n/12 (-20) , \T1/lmtt/m/n/12 besoin_
emballages_Oui\T1/ntxtlf/m/n/12 (-20) ).
 []

[64 <./contributionCategoriesAlAxe1.jpeg> <./contributionCategorieALAxe2.jpeg>]
<dendrogramme.jpeg, id=1022, 1284.8pt x 631.35875pt>
File: dendrogramme.jpeg Graphic file (type jpg)
<use dendrogramme.jpeg>
Package pdftex.def Info: dendrogramme.jpeg  used on input line 2654.
(pdftex.def)             Requested size: 374.86775pt x 184.20686pt.
<CAH.jpeg, id=1023, 1284.8pt x 631.35875pt>
File: CAH.jpeg Graphic file (type jpg)
<use CAH.jpeg>
Package pdftex.def Info: CAH.jpeg  used on input line 2666.
(pdftex.def)             Requested size: 441.01773pt x 216.72075pt.
[65 <./dendrogramme.jpeg> <./CAH.jpeg>]
<classe_et_anciennete.jpeg, id=1029, 1284.8pt x 631.35875pt>
File: classe_et_anciennete.jpeg Graphic file (type jpg)
<use classe_et_anciennete.jpeg>
Package pdftex.def Info: classe_et_anciennete.jpeg  used on input line 2692.
(pdftex.def)             Requested size: 211.68661pt x 104.01555pt.
<classes_et_secteurs_activites.jpeg, id=1030, 1284.8pt x 631.35875pt>
File: classes_et_secteurs_activites.jpeg Graphic file (type jpg)
<use classes_et_secteurs_activites.jpeg>
Package pdftex.def Info: classes_et_secteurs_activites.jpeg  used on input line
 2699.
(pdftex.def)             Requested size: 211.68661pt x 104.01555pt.
<classes_et_tailles.jpeg, id=1031, 1284.8pt x 631.35875pt>
File: classes_et_tailles.jpeg Graphic file (type jpg)
<use classes_et_tailles.jpeg>
Package pdftex.def Info: classes_et_tailles.jpeg  used on input line 2708.
(pdftex.def)             Requested size: 211.68661pt x 104.01555pt.
<classes_et_regions.jpeg, id=1032, 1284.8pt x 631.35875pt>
File: classes_et_regions.jpeg Graphic file (type jpg)
<use classes_et_regions.jpeg>
Package pdftex.def Info: classes_et_regions.jpeg  used on input line 2715.
(pdftex.def)             Requested size: 211.68661pt x 104.01555pt.
 [66 <./classe_et_anciennete.jpeg> <./classes_et_secteurs_activites.jpeg> <./cl
asses_et_tailles.jpeg> <./classes_et_regions.jpeg>]
<AFDProjectionDesObservations.jpeg, id=1038, 1284.8pt x 631.35875pt>
File: AFDProjectionDesObservations.jpeg Graphic file (type jpg)
<use AFDProjectionDesObservations.jpeg>
Package pdftex.def Info: AFDProjectionDesObservations.jpeg  used on input line 
2736.
(pdftex.def)             Requested size: 374.86775pt x 184.20686pt.
 [67 <./AFDProjectionDesObservations.jpeg>]
Underfull \hbox (badness 10000) in paragraph at lines 2808--2812

 []

[68]
Missing character: There is no œ in font lmsy10!
LaTeX Font Info:    Font shape `T1/ntxtlf/b/it' will be
(Font)              scaled to size 14.4pt on input line 2901.
[69]
<login.png, id=1056, 933.4875pt x 422.07687pt>
File: login.png Graphic file (type png)
<use login.png>
Package pdftex.def Info: login.png  used on input line 2947.
(pdftex.def)             Requested size: 441.01773pt x 199.40662pt.
 [70]
<creationDeCompte.png, id=1061, 897.85437pt x 431.11063pt>
File: creationDeCompte.png Graphic file (type png)
<use creationDeCompte.png>
Package pdftex.def Info: creationDeCompte.png  used on input line 2959.
(pdftex.def)             Requested size: 441.01773pt x 211.75914pt.
<demande.png, id=1062, 918.93312pt x 373.89688pt>
File: demande.png Graphic file (type png)
<use demande.png>
Package pdftex.def Info: demande.png  used on input line 2967.
(pdftex.def)             Requested size: 441.01773pt x 179.44563pt.
<validation.png, id=1063, 804.00375pt x 396.48125pt>
File: validation.png Graphic file (type png)
<use validation.png>
Package pdftex.def Info: validation.png  used on input line 2973.
(pdftex.def)             Requested size: 441.01773pt x 217.47852pt.
 [71 <./login.png> <./creationDeCompte.png>]
<tableauDeBordEntreprise.png, id=1070, 928.97063pt x 434.12187pt>
File: tableauDeBordEntreprise.png Graphic file (type png)
<use tableauDeBordEntreprise.png>
Package pdftex.def Info: tableauDeBordEntreprise.png  used on input line 2982.
(pdftex.def)             Requested size: 441.01773pt x 206.09741pt.
 [72 <./demande.png> <./validation.png>]
<tableauDeBordAdmin.png, id=1078, 934.99312pt x 439.6425pt>
File: tableauDeBordAdmin.png Graphic file (type png)
<use tableauDeBordAdmin.png>
Package pdftex.def Info: tableauDeBordAdmin.png  used on input line 2998.
(pdftex.def)             Requested size: 441.01773pt x 207.36992pt.
<requeteSQL.png, id=1079, 400.99812pt x 170.13562pt>
File: requeteSQL.png Graphic file (type png)
<use requeteSQL.png>
Package pdftex.def Info: requeteSQL.png  used on input line 3010.
(pdftex.def)             Requested size: 441.01773pt x 187.12637pt.
 [73 <./tableauDeBordEntreprise.png> <./tableauDeBordAdmin.png>]
[74 <./requeteSQL.png>] [75] [76

] (memoireNdzessaAvele.bbl [77

] [78]) [79]
<annexe1.png, id=1122, 430.60875pt x 423.5825pt>
File: annexe1.png Graphic file (type png)
<use annexe1.png>
Package pdftex.def Info: annexe1.png  used on input line 3109.
(pdftex.def)             Requested size: 441.01773pt x 433.83232pt.

Missing character: There is no π in font lmsy10!
[80

]
<annexe2.png, id=1129, 435.12563pt x 422.07687pt>
File: annexe2.png Graphic file (type png)
<use annexe2.png>
Package pdftex.def Info: annexe2.png  used on input line 3117.
(pdftex.def)             Requested size: 441.01773pt x 427.82063pt.
 [81 <./annexe1.png>]
<annexe3.png, id=1138, 426.59375pt x 416.05438pt>
File: annexe3.png Graphic file (type png)
<use annexe3.png>
Package pdftex.def Info: annexe3.png  used on input line 3125.
(pdftex.def)             Requested size: 441.01773pt x 430.14696pt.
 [82 <./annexe2.png>] [83 <./annexe3.png>]
<annexe5.jpg, id=1152, 455.45157pt x 681.29532pt>
File: annexe5.jpg Graphic file (type jpg)
<use annexe5.jpg>
Package pdftex.def Info: annexe5.jpg  used on input line 3137.
(pdftex.def)             Requested size: 441.01773pt x 659.72253pt.
 [84

]
<annexe6.jpg, id=1159, 455.45157pt x 654.19406pt>
File: annexe6.jpg Graphic file (type jpg)
<use annexe6.jpg>
Package pdftex.def Info: annexe6.jpg  used on input line 3145.
(pdftex.def)             Requested size: 441.01773pt x 633.47942pt.

[85 <./annexe5.jpg>] [86 <./annexe6.jpg>] (memoireNdzessaAvele.aux)
 ***********
LaTeX2e <2025-11-01>
L3 programming layer <2020/03/25>
 ***********


LaTeX Warning: There were multiply-defined labels.

Package rerunfilecheck Info: File `memoireNdzessaAvele.out' has not changed.
(rerunfilecheck)             Checksum: 9562DF55EEADE28DFD22D57E5032BB49;12325.
 ) 
Here is how much of TeX's memory you used:
 54809 strings out of 467871
 1170484 string characters out of 5414504
 1627282 words of memory out of 5000000
 82273 multiletter control sequences out of 15000+600000
 781623 words of font info for 304 fonts, out of 8000000 for 9000
 1141 hyphenation exceptions out of 8191
 84i,16n,96p,2489b,1410s stack positions out of 10000i,1000n,20000p,200000b,200000s
<C:/Users/LandryNDZESSA/AppData/Local/Programs/MiKTeX/fonts/type1/public/lm/l
mbx12.pfb><C:/Users/LandryNDZESSA/AppData/Local/Programs/MiKTeX/fonts/type1/pub
lic/lm/lmbx9.pfb><C:/Users/LandryNDZESSA/AppData/Local/Programs/MiKTeX/fonts/ty
pe1/public/lm/lmex10.pfb><C:/Users/LandryNDZESSA/AppData/Local/Programs/MiKTeX/
fonts/type1/public/lm/lmmi10.pfb><C:/Users/LandryNDZESSA/AppData/Local/Programs
/MiKTeX/fonts/type1/public/lm/lmmi12.pfb><C:/Users/LandryNDZESSA/AppData/Local/
Programs/MiKTeX/fonts/type1/public/lm/lmmi7.pfb><C:/Users/LandryNDZESSA/AppData
/Local/Programs/MiKTeX/fonts/type1/public/lm/lmmi9.pfb><C:/Users/LandryNDZESSA/
AppData/Local/Programs/MiKTeX/fonts/type1/public/lm/lmmib10.pfb><C:/Users/Landr
yNDZESSA/AppData/Local/Programs/MiKTeX/fonts/type1/public/lm/lmr10.pfb><C:/User
s/LandryNDZESSA/AppData/Local/Programs/MiKTeX/fonts/type1/public/lm/lmr12.pfb><
C:/Users/LandryNDZESSA/AppData/Local/Programs/MiKTeX/fonts/type1/public/lm/lmr8
.pfb><C:/Users/LandryNDZESSA/AppData/Local/Programs/MiKTeX/fonts/type1/public/l
m/lmr9.pfb><C:/Users/LandryNDZESSA/AppData/Local/Programs/MiKTeX/fonts/type1/pu
blic/lm/lmsy10.pfb><C:/Users/LandryNDZESSA/AppData/Local/Programs/MiKTeX/fonts/
type1/public/lm/lmsy7.pfb><C:/Users/LandryNDZESSA/AppData/Local/Programs/MiKTeX
/fonts/type1/public/lm/lmsy9.pfb><C:/Users/LandryNDZESSA/AppData/Local/Programs
/MiKTeX/fonts/type1/public/lm/lmtk10.pfb><C:/Users/LandryNDZESSA/AppData/Local/
Programs/MiKTeX/fonts/type1/public/lm/lmtt10.pfb><C:/Users/LandryNDZESSA/AppDat
a/Local/Programs/MiKTeX/fonts/type1/public/lm/lmtt12.pfb><C:/Users/LandryNDZESS
A/AppData/Local/Programs/MiKTeX/fonts/type1/public/tex-gyre/qtmr.pfb><C:/Users/
LandryNDZESSA/AppData/Local/Programs/MiKTeX/fonts/type1/public/newtx/txbmiaX.pf
b><C:/Users/LandryNDZESSA/AppData/Local/Programs/MiKTeX/fonts/type1/public/newt
x/txmiaX.pfb><C:/Users/LandryNDZESSA/AppData/Local/Programs/MiKTeX/fonts/type1/
public/newtx/txsym.pfb><C:/Users/LandryNDZESSA/AppData/Local/Programs/MiKTeX/fo
nts/type1/public/newtx/ztmb.pfb><C:/Users/LandryNDZESSA/AppData/Local/Programs/
MiKTeX/fonts/type1/public/newtx/ztmbi.pfb><C:/Users/LandryNDZESSA/AppData/Local
/Programs/MiKTeX/fonts/type1/public/newtx/ztmr.pfb><C:/Users/LandryNDZESSA/AppD
ata/Local/Programs/MiKTeX/fonts/type1/public/newtx/ztmri.pfb>
Output written on memoireNdzessaAvele.pdf (96 pages, 7000450 bytes).
PDF statistics:
 1356 PDF objects out of 1440 (max. 8388607)
 308 named destinations out of 1000 (max. 500000)
 59201 words of extra memory for PDF output out of 61914 (max. 10000000)

